,gene1,gene2,meta_path,meta_path_rank,rank_percent,total_rank,label
0,G:HGNC:16890,G:HGNC:9305,['GTG'],149.0,0.559,338.0,1
1,G:HGNC:16890,G:HGNC:9305,['GMDMG'],2666.0,0.301,3816.0,1
2,G:HGNC:16890,G:HGNC:9305,"['GTG', 'GMDMG']",6593.0,0.294,9344.0,1
,gene1,gene2,meta_path,meta_path_rank,rank_percent,total_rank,label
0,G:HGNC:6524,G:HGNC:10481,['GTG'],170.0,0.736,644.0,1
,gene1,gene2,meta_path,meta_path_rank,rank_percent,total_rank,label
2,G:HGNC:4635,G:HGNC:33437,['GMDpDMG'],4.0,0.999,3738.0,1
4,G:HGNC:4635,G:HGNC:33437,"['GTG', 'GMDpDMG']",5.0,0.999,7860.0,1
6,G:HGNC:4635,G:HGNC:33437,"['GTG', 'GMDMG', 'GMDpDMG']",17.0,0.998,10924.0,1
0,G:HGNC:4635,G:HGNC:33437,['GTG'],20.0,0.954,438.0,1
3,G:HGNC:4635,G:HGNC:33437,"['GTG', 'GMDMG']",67.0,0.99,7000.0,1
5,G:HGNC:4635,G:HGNC:33437,"['GMDMG', 'GMDpDMG']",100.0,0.991,10572.0,1
1,G:HGNC:4635,G:HGNC:33437,['GMDMG'],252.0,0.881,2122.0,1
,gene1,gene2,meta_path,meta_path_rank,rank_percent,total_rank,label
0,G:HGNC:28112,G:HGNC:9137,['GTG'],3.0,0.995,549.0,1
,gene1,gene2,meta_path,meta_path_rank,rank_percent,total_rank,label
0,G:HGNC:2279,G:HGNC:2267,['GPdPG'],1.0,0.909,11.0,1
2,G:HGNC:2279,G:HGNC:2267,"['GPdPG', 'GTG']",7.0,0.767,30.0,1
1,G:HGNC:2279,G:HGNC:2267,['GTG'],9.0,0.956,206.0,1
,gene1,gene2,meta_path,meta_path_rank,rank_percent,total_rank,label
0,G:HGNC:9402,G:HGNC:8591,['GPdPG'],3.0,0.932,44.0,1
1,G:HGNC:9402,G:HGNC:8591,['GTG'],48.0,0.931,696.0,1
2,G:HGNC:9402,G:HGNC:8591,"['GPdPG', 'GTG']",83.0,0.81,436.0,1
,gene1,gene2,meta_path,meta_path_rank,rank_percent,total_rank,label
0,G:HGNC:14451,G:HGNC:14450,['GTG'],1.0,0.997,313.0,1
2,G:HGNC:14451,G:HGNC:14450,"['GTG', 'GMG']",1.0,0.999,947.0,1
1,G:HGNC:14451,G:HGNC:14450,['GMG'],2.0,0.989,176.0,1
,gene1,gene2,meta_path,meta_path_rank,rank_percent,total_rank,label
3,G:HGNC:7462,G:HGNC:7459,['GPdPG'],1.0,0.933,15.0,1
7,G:HGNC:7462,G:HGNC:7459,"['GDG', 'GPdPG']",1.0,0.909,11.0,1
20,G:HGNC:7462,G:HGNC:7459,"['GDG', 'GPdPG', 'GTG']",2.0,0.953,43.0,1
0,G:HGNC:7462,G:HGNC:7459,['GDG'],3.0,0.769,13.0,1
23,G:HGNC:7462,G:HGNC:7459,"['GDpDG', 'GPdPG', 'GTG']",3.0,0.952,63.0,1
28,G:HGNC:7462,G:HGNC:7459,"['GDG', 'GDpDpDG', 'GPdPG', 'GTG']",4.0,0.913,46.0,1
27,G:HGNC:7462,G:HGNC:7459,"['GDG', 'GDpDG', 'GPdPG', 'GTG']",4.0,0.913,46.0,1
24,G:HGNC:7462,G:HGNC:7459,"['GDpDpDG', 'GPdPG', 'GTG']",4.0,0.944,71.0,1
8,G:HGNC:7462,G:HGNC:7459,"['GDG', 'GTG']",4.0,0.937,63.0,1
16,G:HGNC:7462,G:HGNC:7459,"['GDG', 'GDpDG', 'GPdPG']",4.0,0.765,17.0,1
19,G:HGNC:7462,G:HGNC:7459,"['GDG', 'GDpDpDG', 'GTG']",5.0,0.931,72.0,1
18,G:HGNC:7462,G:HGNC:7459,"['GDG', 'GDpDpDG', 'GPdPG']",5.0,0.706,17.0,1
29,G:HGNC:7462,G:HGNC:7459,"['GDpDG', 'GDpDpDG', 'GPdPG', 'GTG']",5.0,0.921,63.0,1
30,G:HGNC:7462,G:HGNC:7459,"['GDG', 'GDpDG', 'GDpDpDG', 'GPdPG', 'GTG']",5.0,0.891,46.0,1
11,G:HGNC:7462,G:HGNC:7459,"['GDpDG', 'GTG']",5.0,0.994,878.0,1
10,G:HGNC:7462,G:HGNC:7459,"['GDpDG', 'GPdPG']",5.0,0.936,78.0,1
17,G:HGNC:7462,G:HGNC:7459,"['GDG', 'GDpDG', 'GTG']",6.0,0.917,72.0,1
6,G:HGNC:7462,G:HGNC:7459,"['GDG', 'GDpDpDG']",6.0,0.833,36.0,1
25,G:HGNC:7462,G:HGNC:7459,"['GDG', 'GDpDG', 'GDpDpDG', 'GPdPG']",6.0,0.647,17.0,1
13,G:HGNC:7462,G:HGNC:7459,"['GDpDpDG', 'GTG']",6.0,0.996,1481.0,1
5,G:HGNC:7462,G:HGNC:7459,"['GDG', 'GDpDG']",6.0,0.833,36.0,1
22,G:HGNC:7462,G:HGNC:7459,"['GDpDG', 'GDpDpDG', 'GTG']",7.0,0.993,954.0,1
26,G:HGNC:7462,G:HGNC:7459,"['GDG', 'GDpDG', 'GDpDpDG', 'GTG']",7.0,0.903,72.0,1
1,G:HGNC:7462,G:HGNC:7459,['GDpDG'],8.0,0.993,1161.0,1
15,G:HGNC:7462,G:HGNC:7459,"['GDG', 'GDpDG', 'GDpDpDG']",8.0,0.778,36.0,1
21,G:HGNC:7462,G:HGNC:7459,"['GDpDG', 'GDpDpDG', 'GPdPG']",8.0,0.901,81.0,1
12,G:HGNC:7462,G:HGNC:7459,"['GDpDpDG', 'GPdPG']",11.0,0.893,103.0,1
14,G:HGNC:7462,G:HGNC:7459,"['GPdPG', 'GTG']",11.0,0.864,81.0,1
9,G:HGNC:7462,G:HGNC:7459,"['GDpDG', 'GDpDpDG']",13.0,0.996,3606.0,1
4,G:HGNC:7462,G:HGNC:7459,['GTG'],14.0,0.942,242.0,1
2,G:HGNC:7462,G:HGNC:7459,['GDpDpDG'],294.0,0.951,5962.0,1
,gene1,gene2,meta_path,meta_path_rank,rank_percent,total_rank,label
0,G:HGNC:4632,G:HGNC:33437,['GTG'],13.0,0.956,295.0,1
,gene1,gene2,meta_path,meta_path_rank,rank_percent,total_rank,label
6,G:HGNC:8590,G:HGNC:392,"['GTG', 'GMDpDMG']",19.0,0.999,13440.0,1
12,G:HGNC:8590,G:HGNC:392,"['GTG', 'GMDMG', 'GMDpDMG']",37.0,0.998,15202.0,1
5,G:HGNC:8590,G:HGNC:392,"['GTG', 'GMDMG']",51.0,0.997,14987.0,1
0,G:HGNC:8590,G:HGNC:392,['GTG'],57.0,0.925,764.0,1
11,G:HGNC:8590,G:HGNC:392,"['GTG', 'GMG', 'GMDpDMG']",137.0,0.981,7261.0,1
14,G:HGNC:8590,G:HGNC:392,"['GTG', 'GMG', 'GMDMG', 'GMDpDMG']",246.0,0.966,7323.0,1
1,G:HGNC:8590,G:HGNC:392,['GMG'],258.0,0.483,499.0,1
10,G:HGNC:8590,G:HGNC:392,"['GTG', 'GMG', 'GMDMG']",389.0,0.95,7804.0,1
4,G:HGNC:8590,G:HGNC:392,"['GTG', 'GMG']",441.0,0.899,4371.0,1
3,G:HGNC:8590,G:HGNC:392,['GMDpDMG'],640.0,0.896,6175.0,1
8,G:HGNC:8590,G:HGNC:392,"['GMG', 'GMDpDMG']",2077.0,0.722,7474.0,1
9,G:HGNC:8590,G:HGNC:392,"['GMDMG', 'GMDpDMG']",2223.0,0.83,13054.0,1
13,G:HGNC:8590,G:HGNC:392,"['GMG', 'GMDMG', 'GMDpDMG']",2310.0,0.713,8040.0,1
2,G:HGNC:8590,G:HGNC:392,['GMDMG'],2390.0,0.489,4681.0,1
7,G:HGNC:8590,G:HGNC:392,"['GMG', 'GMDMG']",3570.0,0.557,8062.0,1
,gene1,gene2,meta_path,meta_path_rank,rank_percent,total_rank,label
0,G:HGNC:1133,G:HGNC:9611,['GPdPG'],10.0,0.756,41.0,1
11,G:HGNC:1133,G:HGNC:9611,"['GPdPG', 'GTG', 'GMDpDMG']",110.0,0.717,389.0,1
14,G:HGNC:1133,G:HGNC:9611,"['GPdPG', 'GTG', 'GMDMG', 'GMDpDMG']",115.0,0.705,390.0,1
12,G:HGNC:1133,G:HGNC:9611,"['GPdPG', 'GMDMG', 'GMDpDMG']",150.0,0.607,382.0,1
6,G:HGNC:1133,G:HGNC:9611,"['GPdPG', 'GMDpDMG']",157.0,0.537,339.0,1
1,G:HGNC:1133,G:HGNC:9611,['GTG'],184.0,0.771,802.0,1
4,G:HGNC:1133,G:HGNC:9611,"['GPdPG', 'GTG']",209.0,0.547,461.0,1
8,G:HGNC:1133,G:HGNC:9611,"['GTG', 'GMDpDMG']",221.0,0.979,10613.0,1
10,G:HGNC:1133,G:HGNC:9611,"['GPdPG', 'GTG', 'GMDMG']",248.0,0.422,429.0,1
5,G:HGNC:1133,G:HGNC:9611,"['GPdPG', 'GMDMG']",249.0,0.304,358.0,1
3,G:HGNC:1133,G:HGNC:9611,['GMDpDMG'],541.0,0.875,4331.0,1
13,G:HGNC:1133,G:HGNC:9611,"['GTG', 'GMDMG', 'GMDpDMG']",602.0,0.958,14440.0,1
2,G:HGNC:1133,G:HGNC:9611,['GMDMG'],927.0,0.621,2446.0,1
9,G:HGNC:1133,G:HGNC:9611,"['GMDMG', 'GMDpDMG']",1347.0,0.879,11111.0,1
7,G:HGNC:1133,G:HGNC:9611,"['GTG', 'GMDMG']",2224.0,0.803,11267.0,1
,gene1,gene2,meta_path,meta_path_rank,rank_percent,total_rank,label
0,G:HGNC:16381,G:HGNC:9286,['GMG'],1205.0,0.084,1315.0,1
,gene1,gene2,meta_path,meta_path_rank,rank_percent,total_rank,label
0,G:HGNC:9410,G:HGNC:10251,['GTG'],202.0,0.731,752.0,1
,gene1,gene2,meta_path,meta_path_rank,rank_percent,total_rank,label
0,G:HGNC:830,G:HGNC:857,['GTG'],116.0,0.759,481.0,1
,gene1,gene2,meta_path,meta_path_rank,rank_percent,total_rank,label
2,G:HGNC:393,G:HGNC:1985,['GTG'],77.0,0.866,573.0,1
49,G:HGNC:393,G:HGNC:1985,"['GDpDG', 'GTG', 'GMDMG', 'GMDpDMG']",96.0,0.919,1187.0,1
27,G:HGNC:393,G:HGNC:1985,"['GDpDG', 'GTG', 'GMDpDMG']",98.0,0.917,1185.0,1
26,G:HGNC:393,G:HGNC:1985,"['GDpDG', 'GTG', 'GMDMG']",114.0,0.916,1351.0,1
17,G:HGNC:393,G:HGNC:1985,"['GTG', 'GMDpDMG']",128.0,0.99,12977.0,1
33,G:HGNC:393,G:HGNC:1985,"['GDpDpDG', 'GTG', 'GMDpDMG']",144.0,0.955,3175.0,1
32,G:HGNC:393,G:HGNC:1985,"['GDpDpDG', 'GTG', 'GMDMG']",145.0,0.96,3629.0,1
53,G:HGNC:393,G:HGNC:1985,"['GDpDpDG', 'GTG', 'GMDMG', 'GMDpDMG']",177.0,0.944,3175.0,1
60,G:HGNC:393,G:HGNC:1985,"['GDpDG', 'GTG', 'GMG', 'GMDMG', 'GMDpDMG']",181.0,0.712,628.0,1
7,G:HGNC:393,G:HGNC:1985,"['GDpDG', 'GTG']",183.0,0.863,1334.0,1
16,G:HGNC:393,G:HGNC:1985,"['GTG', 'GMDMG']",193.0,0.986,13893.0,1
48,G:HGNC:393,G:HGNC:1985,"['GDpDG', 'GTG', 'GMG', 'GMDpDMG']",194.0,0.691,628.0,1
0,G:HGNC:393,G:HGNC:1985,['GDpDG'],210.0,0.412,357.0,1
11,G:HGNC:393,G:HGNC:1985,"['GDpDpDG', 'GTG']",214.0,0.958,5062.0,1
47,G:HGNC:393,G:HGNC:1985,"['GDpDG', 'GTG', 'GMG', 'GMDMG']",228.0,0.657,665.0,1
62,G:HGNC:393,G:HGNC:1985,"['GDpDG', 'GDpDpDG', 'GTG', 'GMG', 'GMDMG', 'GMDpDMG']",270.0,0.57,628.0,1
58,G:HGNC:393,G:HGNC:1985,"['GDpDG', 'GDpDpDG', 'GTG', 'GMDMG', 'GMDpDMG']",276.0,0.768,1188.0,1
39,G:HGNC:393,G:HGNC:1985,"['GTG', 'GMDMG', 'GMDpDMG']",278.0,0.981,14766.0,1
57,G:HGNC:393,G:HGNC:1985,"['GDpDG', 'GDpDpDG', 'GTG', 'GMG', 'GMDpDMG']",279.0,0.556,628.0,1
56,G:HGNC:393,G:HGNC:1985,"['GDpDG', 'GDpDpDG', 'GTG', 'GMG', 'GMDMG']",288.0,0.567,665.0,1
25,G:HGNC:393,G:HGNC:1985,"['GDpDG', 'GTG', 'GMG']",289.0,0.57,672.0,1
52,G:HGNC:393,G:HGNC:1985,"['GDpDpDG', 'GTG', 'GMG', 'GMDpDMG']",300.0,0.82,1665.0,1
43,G:HGNC:393,G:HGNC:1985,"['GDpDG', 'GDpDpDG', 'GTG', 'GMDpDMG']",304.0,0.744,1188.0,1
42,G:HGNC:393,G:HGNC:1985,"['GDpDG', 'GDpDpDG', 'GTG', 'GMDMG']",315.0,0.768,1357.0,1
61,G:HGNC:393,G:HGNC:1985,"['GDpDpDG', 'GTG', 'GMG', 'GMDMG', 'GMDpDMG']",316.0,0.81,1665.0,1
41,G:HGNC:393,G:HGNC:1985,"['GDpDG', 'GDpDpDG', 'GTG', 'GMG']",331.0,0.509,674.0,1
51,G:HGNC:393,G:HGNC:1985,"['GDpDpDG', 'GTG', 'GMG', 'GMDMG']",335.0,0.811,1776.0,1
50,G:HGNC:393,G:HGNC:1985,"['GDpDG', 'GMG', 'GMDMG', 'GMDpDMG']",381.0,0.447,689.0,1
30,G:HGNC:393,G:HGNC:1985,"['GDpDG', 'GMDMG', 'GMDpDMG']",390.0,0.705,1320.0,1
31,G:HGNC:393,G:HGNC:1985,"['GDpDpDG', 'GTG', 'GMG']",392.0,0.785,1826.0,1
29,G:HGNC:393,G:HGNC:1985,"['GDpDG', 'GMG', 'GMDpDMG']",435.0,0.369,689.0,1
59,G:HGNC:393,G:HGNC:1985,"['GDpDG', 'GDpDpDG', 'GMG', 'GMDMG', 'GMDpDMG']",450.0,0.347,689.0,1
10,G:HGNC:393,G:HGNC:1985,"['GDpDG', 'GMDpDMG']",461.0,0.646,1302.0,1
21,G:HGNC:393,G:HGNC:1985,"['GDpDG', 'GDpDpDG', 'GTG']",480.0,0.729,1770.0,1
45,G:HGNC:393,G:HGNC:1985,"['GDpDG', 'GDpDpDG', 'GMG', 'GMDpDMG']",495.0,0.282,689.0,1
28,G:HGNC:393,G:HGNC:1985,"['GDpDG', 'GMG', 'GMDMG']",516.0,0.296,733.0,1
44,G:HGNC:393,G:HGNC:1985,"['GDpDG', 'GDpDpDG', 'GMG', 'GMDMG']",521.0,0.289,733.0,1
9,G:HGNC:393,G:HGNC:1985,"['GDpDG', 'GMDMG']",542.0,0.634,1479.0,1
8,G:HGNC:393,G:HGNC:1985,"['GDpDG', 'GMG']",554.0,0.172,669.0,1
22,G:HGNC:393,G:HGNC:1985,"['GDpDG', 'GDpDpDG', 'GMG']",587.0,0.212,745.0,1
46,G:HGNC:393,G:HGNC:1985,"['GDpDG', 'GDpDpDG', 'GMDMG', 'GMDpDMG']",604.0,0.544,1326.0,1
54,G:HGNC:393,G:HGNC:1985,"['GDpDpDG', 'GMG', 'GMDMG', 'GMDpDMG']",695.0,0.629,1875.0,1
24,G:HGNC:393,G:HGNC:1985,"['GDpDG', 'GDpDpDG', 'GMDpDMG']",731.0,0.448,1325.0,1
35,G:HGNC:393,G:HGNC:1985,"['GDpDpDG', 'GMG', 'GMDpDMG']",749.0,0.601,1875.0,1
36,G:HGNC:393,G:HGNC:1985,"['GDpDpDG', 'GMDMG', 'GMDpDMG']",758.0,0.79,3616.0,1
3,G:HGNC:393,G:HGNC:1985,['GMG'],801.0,0.144,936.0,1
14,G:HGNC:393,G:HGNC:1985,"['GDpDpDG', 'GMDpDMG']",813.0,0.775,3614.0,1
23,G:HGNC:393,G:HGNC:1985,"['GDpDG', 'GDpDpDG', 'GMDMG']",817.0,0.465,1528.0,1
34,G:HGNC:393,G:HGNC:1985,"['GDpDpDG', 'GMG', 'GMDMG']",854.0,0.573,2001.0,1
13,G:HGNC:393,G:HGNC:1985,"['GDpDpDG', 'GMDMG']",948.0,0.772,4156.0,1
12,G:HGNC:393,G:HGNC:1985,"['GDpDpDG', 'GMG']",987.0,0.521,2059.0,1
6,G:HGNC:393,G:HGNC:1985,"['GDpDG', 'GDpDpDG']",1286.0,0.357,2000.0,1
1,G:HGNC:393,G:HGNC:1985,['GDpDpDG'],1496.0,0.736,5671.0,1
38,G:HGNC:393,G:HGNC:1985,"['GTG', 'GMG', 'GMDpDMG']",1575.0,0.799,7837.0,1
55,G:HGNC:393,G:HGNC:1985,"['GTG', 'GMG', 'GMDMG', 'GMDpDMG']",1620.0,0.795,7893.0,1
15,G:HGNC:393,G:HGNC:1985,"['GTG', 'GMG']",1835.0,0.591,4483.0,1
5,G:HGNC:393,G:HGNC:1985,['GMDpDMG'],2082.0,0.692,6770.0,1
37,G:HGNC:393,G:HGNC:1985,"['GTG', 'GMG', 'GMDMG']",2148.0,0.741,8300.0,1
4,G:HGNC:393,G:HGNC:1985,['GMDMG'],2778.0,0.447,5026.0,1
20,G:HGNC:393,G:HGNC:1985,"['GMDMG', 'GMDpDMG']",3558.0,0.726,12990.0,1
40,G:HGNC:393,G:HGNC:1985,"['GMG', 'GMDMG', 'GMDpDMG']",4109.0,0.533,8798.0,1
19,G:HGNC:393,G:HGNC:1985,"['GMG', 'GMDpDMG']",4597.0,0.451,8372.0,1
18,G:HGNC:393,G:HGNC:1985,"['GMG', 'GMDMG']",5887.0,0.335,8855.0,1
,gene1,gene2,meta_path,meta_path_rank,rank_percent,total_rank,label
0,G:HGNC:22140,G:HGNC:9441,['GTG'],223.0,0.531,475.0,1
2,G:HGNC:22140,G:HGNC:9441,['GMDpDMG'],1488.0,0.695,4886.0,1
1,G:HGNC:22140,G:HGNC:9441,['GMDMG'],2569.0,0.274,3537.0,1
4,G:HGNC:22140,G:HGNC:9441,"['GTG', 'GMDpDMG']",3391.0,0.686,10801.0,1
6,G:HGNC:22140,G:HGNC:9441,"['GTG', 'GMDMG', 'GMDpDMG']",6830.0,0.49,13392.0,1
3,G:HGNC:22140,G:HGNC:9441,"['GTG', 'GMDMG']",7097.0,0.33,10595.0,1
5,G:HGNC:22140,G:HGNC:9441,"['GMDMG', 'GMDpDMG']",7393.0,0.404,12395.0,1
,gene1,gene2,meta_path,meta_path_rank,rank_percent,total_rank,label
0,G:HGNC:16381,G:HGNC:9275,['GTG'],110.0,0.761,460.0,1
3,G:HGNC:16381,G:HGNC:9275,['GMDpDMG'],288.0,0.939,4750.0,1
9,G:HGNC:16381,G:HGNC:9275,"['GMDMG', 'GMDpDMG']",491.0,0.96,12298.0,1
2,G:HGNC:16381,G:HGNC:9275,['GMDMG'],493.0,0.848,3245.0,1
12,G:HGNC:16381,G:HGNC:9275,"['GTG', 'GMDMG', 'GMDpDMG']",576.0,0.948,11148.0,1
6,G:HGNC:16381,G:HGNC:9275,"['GTG', 'GMDpDMG']",713.0,0.917,8601.0,1
5,G:HGNC:16381,G:HGNC:9275,"['GTG', 'GMDMG']",1142.0,0.871,8887.0,1
1,G:HGNC:16381,G:HGNC:9275,['GMG'],1407.0,0.053,1486.0,1
14,G:HGNC:16381,G:HGNC:9275,"['GTG', 'GMG', 'GMDMG', 'GMDpDMG']",1931.0,0.668,5823.0,1
11,G:HGNC:16381,G:HGNC:9275,"['GTG', 'GMG', 'GMDpDMG']",2355.0,0.591,5757.0,1
4,G:HGNC:16381,G:HGNC:9275,"['GTG', 'GMG']",2802.0,0.295,3973.0,1
10,G:HGNC:16381,G:HGNC:9275,"['GTG', 'GMG', 'GMDMG']",3207.0,0.501,6427.0,1
13,G:HGNC:16381,G:HGNC:9275,"['GMG', 'GMDMG', 'GMDpDMG']",3605.0,0.58,8575.0,1
8,G:HGNC:16381,G:HGNC:9275,"['GMG', 'GMDpDMG']",4615.0,0.409,7803.0,1
7,G:HGNC:16381,G:HGNC:9275,"['GMG', 'GMDMG']",6323.0,0.274,8708.0,1
,gene1,gene2,meta_path,meta_path_rank,rank_percent,total_rank,label
0,G:HGNC:24978,G:HGNC:30252,['GMDMG'],261.0,0.892,2406.0,1
1,G:HGNC:24978,G:HGNC:30252,['GMDpDMG'],380.0,0.894,3596.0,1
2,G:HGNC:24978,G:HGNC:30252,"['GMDMG', 'GMDpDMG']",685.0,0.934,10440.0,1
,gene1,gene2,meta_path,meta_path_rank,rank_percent,total_rank,label
2,G:HGNC:17827,G:HGNC:19343,"['GTG', 'GMG']",6.0,0.994,1012.0,1
0,G:HGNC:17827,G:HGNC:19343,['GTG'],13.0,0.95,258.0,1
1,G:HGNC:17827,G:HGNC:19343,['GMG'],77.0,0.776,343.0,1
,gene1,gene2,meta_path,meta_path_rank,rank_percent,total_rank,label
6,G:HGNC:8777,G:HGNC:8784,"['GPdPG', 'GTG', 'GMG']",3.0,0.961,77.0,1
4,G:HGNC:8777,G:HGNC:8784,"['GPdPG', 'GMG']",6.0,0.914,70.0,1
0,G:HGNC:8777,G:HGNC:8784,['GPdPG'],9.0,0.845,58.0,1
3,G:HGNC:8777,G:HGNC:8784,"['GPdPG', 'GTG']",11.0,0.958,263.0,1
1,G:HGNC:8777,G:HGNC:8784,['GTG'],85.0,0.838,524.0,1
2,G:HGNC:8777,G:HGNC:8784,['GMG'],110.0,0.729,406.0,1
5,G:HGNC:8777,G:HGNC:8784,"['GTG', 'GMG']",200.0,0.893,1877.0,1
,gene1,gene2,meta_path,meta_path_rank,rank_percent,total_rank,label
0,G:HGNC:9029,G:HGNC:18555,['GTG'],22.0,0.925,294.0,1
,gene1,gene2,meta_path,meta_path_rank,rank_percent,total_rank,label
0,G:HGNC:12020,G:HGNC:12021,['GTG'],1.0,0.996,257.0,1
5,G:HGNC:12020,G:HGNC:12021,"['GTG', 'GMDMG']",1.0,1.0,3932.0,1
4,G:HGNC:12020,G:HGNC:12021,"['GTG', 'GMG']",33.0,0.97,1104.0,1
10,G:HGNC:12020,G:HGNC:12021,"['GTG', 'GMG', 'GMDMG']",71.0,0.955,1593.0,1
2,G:HGNC:12020,G:HGNC:12021,['GMDMG'],245.0,0.921,3093.0,1
1,G:HGNC:12020,G:HGNC:12021,['GMG'],282.0,0.486,549.0,1
11,G:HGNC:12020,G:HGNC:12021,"['GTG', 'GMG', 'GMDpDMG']",297.0,0.788,1404.0,1
14,G:HGNC:12020,G:HGNC:12021,"['GTG', 'GMG', 'GMDMG', 'GMDpDMG']",315.0,0.778,1418.0,1
12,G:HGNC:12020,G:HGNC:12021,"['GTG', 'GMDMG', 'GMDpDMG']",444.0,0.906,4708.0,1
6,G:HGNC:12020,G:HGNC:12021,"['GTG', 'GMDpDMG']",595.0,0.845,3829.0,1
7,G:HGNC:12020,G:HGNC:12021,"['GMG', 'GMDMG']",1715.0,0.642,4794.0,1
8,G:HGNC:12020,G:HGNC:12021,"['GMG', 'GMDpDMG']",3770.0,0.118,4273.0,1
13,G:HGNC:12020,G:HGNC:12021,"['GMG', 'GMDMG', 'GMDpDMG']",3794.0,0.196,4716.0,1
3,G:HGNC:12020,G:HGNC:12021,['GMDpDMG'],4353.0,0.036,4514.0,1
9,G:HGNC:12020,G:HGNC:12021,"['GMDMG', 'GMDpDMG']",9462.0,0.181,11558.0,1
,gene1,gene2,meta_path,meta_path_rank,rank_percent,total_rank,label
3,G:HGNC:10481,G:HGNC:3393,"['GTG', 'GMDMG']",17.0,0.999,12101.0,1
4,G:HGNC:10481,G:HGNC:3393,"['GTG', 'GMDpDMG']",27.0,0.998,11986.0,1
0,G:HGNC:10481,G:HGNC:3393,['GTG'],29.0,0.958,696.0,1
6,G:HGNC:10481,G:HGNC:3393,"['GTG', 'GMDMG', 'GMDpDMG']",33.0,0.998,15246.0,1
1,G:HGNC:10481,G:HGNC:3393,['GMDMG'],463.0,0.837,2836.0,1
2,G:HGNC:10481,G:HGNC:3393,['GMDpDMG'],1034.0,0.786,4822.0,1
5,G:HGNC:10481,G:HGNC:3393,"['GMDMG', 'GMDpDMG']",1465.0,0.881,12324.0,1
,gene1,gene2,meta_path,meta_path_rank,rank_percent,total_rank,label
0,G:HGNC:7455,G:HGNC:7707,['GDG'],10.0,0.231,13.0,1
3,G:HGNC:7455,G:HGNC:7707,['GPdPG'],11.0,0.732,41.0,1
7,G:HGNC:7455,G:HGNC:7707,"['GDG', 'GPdPG']",12.0,0.143,14.0,1
25,G:HGNC:7455,G:HGNC:7707,"['GDG', 'GDpDG', 'GDpDpDG', 'GPdPG']",15.0,0.211,19.0,1
21,G:HGNC:7455,G:HGNC:7707,"['GDpDG', 'GDpDpDG', 'GPdPG']",15.0,0.858,106.0,1
16,G:HGNC:7455,G:HGNC:7707,"['GDG', 'GDpDG', 'GPdPG']",15.0,0.211,19.0,1
18,G:HGNC:7455,G:HGNC:7707,"['GDG', 'GDpDpDG', 'GPdPG']",16.0,0.158,19.0,1
10,G:HGNC:7455,G:HGNC:7707,"['GDpDG', 'GPdPG']",16.0,0.845,103.0,1
1,G:HGNC:7455,G:HGNC:7707,['GDpDG'],18.0,0.982,1000.0,1
15,G:HGNC:7455,G:HGNC:7707,"['GDG', 'GDpDG', 'GDpDpDG']",21.0,0.417,36.0,1
9,G:HGNC:7455,G:HGNC:7707,"['GDpDG', 'GDpDpDG']",21.0,0.994,3495.0,1
22,G:HGNC:7455,G:HGNC:7707,"['GDpDG', 'GDpDpDG', 'GTG']",23.0,0.992,2802.0,1
5,G:HGNC:7455,G:HGNC:7707,"['GDG', 'GDpDG']",25.0,0.306,36.0,1
6,G:HGNC:7455,G:HGNC:7707,"['GDG', 'GDpDpDG']",26.0,0.278,36.0,1
13,G:HGNC:7455,G:HGNC:7707,"['GDpDpDG', 'GTG']",27.0,0.994,4685.0,1
26,G:HGNC:7455,G:HGNC:7707,"['GDG', 'GDpDG', 'GDpDpDG', 'GTG']",27.0,0.625,72.0,1
19,G:HGNC:7455,G:HGNC:7707,"['GDG', 'GDpDpDG', 'GTG']",29.0,0.597,72.0,1
12,G:HGNC:7455,G:HGNC:7707,"['GDpDpDG', 'GPdPG']",31.0,0.783,143.0,1
29,G:HGNC:7455,G:HGNC:7707,"['GDpDG', 'GDpDpDG', 'GPdPG', 'GTG']",32.0,0.726,117.0,1
30,G:HGNC:7455,G:HGNC:7707,"['GDG', 'GDpDG', 'GDpDpDG', 'GPdPG', 'GTG']",33.0,0.327,49.0,1
28,G:HGNC:7455,G:HGNC:7707,"['GDG', 'GDpDpDG', 'GPdPG', 'GTG']",33.0,0.327,49.0,1
27,G:HGNC:7455,G:HGNC:7707,"['GDG', 'GDpDG', 'GPdPG', 'GTG']",34.0,0.306,49.0,1
23,G:HGNC:7455,G:HGNC:7707,"['GDpDG', 'GPdPG', 'GTG']",34.0,0.709,117.0,1
4,G:HGNC:7455,G:HGNC:7707,['GTG'],35.0,0.9,351.0,1
24,G:HGNC:7455,G:HGNC:7707,"['GDpDpDG', 'GPdPG', 'GTG']",35.0,0.752,141.0,1
20,G:HGNC:7455,G:HGNC:7707,"['GDG', 'GPdPG', 'GTG']",42.0,0.143,49.0,1
11,G:HGNC:7455,G:HGNC:7707,"['GDpDG', 'GTG']",42.0,0.983,2416.0,1
17,G:HGNC:7455,G:HGNC:7707,"['GDG', 'GDpDG', 'GTG']",48.0,0.333,72.0,1
8,G:HGNC:7455,G:HGNC:7707,"['GDG', 'GTG']",48.0,0.262,65.0,1
14,G:HGNC:7455,G:HGNC:7707,"['GPdPG', 'GTG']",59.0,0.699,196.0,1
2,G:HGNC:7455,G:HGNC:7707,['GDpDpDG'],170.0,0.971,5935.0,1
,gene1,gene2,meta_path,meta_path_rank,rank_percent,total_rank,label
0,G:HGNC:11781,G:HGNC:16255,['GTG'],3.0,0.988,256.0,1
,gene1,gene2,meta_path,meta_path_rank,rank_percent,total_rank,label
0,G:HGNC:29037,G:HGNC:19218,['GTG'],27.0,0.927,371.0,1
,gene1,gene2,meta_path,meta_path_rank,rank_percent,total_rank,label
0,G:HGNC:7047,G:HGNC:7048,['GTG'],3.0,0.989,267.0,1
3,G:HGNC:7047,G:HGNC:7048,"['GTG', 'GMDMG']",69.0,0.983,4138.0,1
4,G:HGNC:7047,G:HGNC:7048,"['GTG', 'GMDpDMG']",1807.0,0.596,4476.0,1
1,G:HGNC:7047,G:HGNC:7048,['GMDMG'],1835.0,0.301,2626.0,1
6,G:HGNC:7047,G:HGNC:7048,"['GTG', 'GMDMG', 'GMDpDMG']",2997.0,0.508,6087.0,1
2,G:HGNC:7047,G:HGNC:7048,['GMDpDMG'],4133.0,0.046,4332.0,1
5,G:HGNC:7047,G:HGNC:7048,"['GMDMG', 'GMDpDMG']",9999.0,0.087,10957.0,1
,gene1,gene2,meta_path,meta_path_rank,rank_percent,total_rank,label
0,G:HGNC:1165,G:HGNC:28923,['GTG'],1.0,0.996,277.0,1
,gene1,gene2,meta_path,meta_path_rank,rank_percent,total_rank,label
0,G:HGNC:16381,G:HGNC:18583,['GTG'],18.0,0.94,298.0,1
6,G:HGNC:16381,G:HGNC:18583,"['GTG', 'GMDpDMG']",59.0,0.991,6840.0,1
11,G:HGNC:16381,G:HGNC:18583,"['GTG', 'GMG', 'GMDpDMG']",123.0,0.972,4337.0,1
14,G:HGNC:16381,G:HGNC:18583,"['GTG', 'GMG', 'GMDMG', 'GMDpDMG']",246.0,0.944,4367.0,1
5,G:HGNC:16381,G:HGNC:18583,"['GTG', 'GMDMG']",332.0,0.954,7213.0,1
4,G:HGNC:16381,G:HGNC:18583,"['GTG', 'GMG']",491.0,0.827,2831.0,1
10,G:HGNC:16381,G:HGNC:18583,"['GTG', 'GMG', 'GMDMG']",519.0,0.891,4764.0,1
12,G:HGNC:16381,G:HGNC:18583,"['GTG', 'GMDMG', 'GMDpDMG']",532.0,0.938,8620.0,1
1,G:HGNC:16381,G:HGNC:18583,['GMG'],981.0,0.255,1316.0,1
8,G:HGNC:16381,G:HGNC:18583,"['GMG', 'GMDpDMG']",1389.0,0.822,7784.0,1
3,G:HGNC:16381,G:HGNC:18583,['GMDpDMG'],1453.0,0.723,5239.0,1
13,G:HGNC:16381,G:HGNC:18583,"['GMG', 'GMDMG', 'GMDpDMG']",1932.0,0.77,8388.0,1
7,G:HGNC:16381,G:HGNC:18583,"['GMG', 'GMDMG']",2735.0,0.68,8537.0,1
2,G:HGNC:16381,G:HGNC:18583,['GMDMG'],3036.0,0.285,4244.0,1
9,G:HGNC:16381,G:HGNC:18583,"['GMDMG', 'GMDpDMG']",5599.0,0.555,12580.0,1
,gene1,gene2,meta_path,meta_path_rank,rank_percent,total_rank,label
2,G:HGNC:251,G:HGNC:252,"['GPdPG', 'GTG']",5.0,0.96,125.0,1
1,G:HGNC:251,G:HGNC:252,['GTG'],7.0,0.977,298.0,1
0,G:HGNC:251,G:HGNC:252,['GPdPG'],9.0,0.735,34.0,1
,gene1,gene2,meta_path,meta_path_rank,rank_percent,total_rank,label
0,G:HGNC:393,G:HGNC:9441,['GTG'],66.0,0.874,525.0,1
3,G:HGNC:393,G:HGNC:9441,"['GTG', 'GMDMG']",68.0,0.995,12867.0,1
6,G:HGNC:393,G:HGNC:9441,"['GTG', 'GMDMG', 'GMDpDMG']",190.0,0.987,14467.0,1
4,G:HGNC:393,G:HGNC:9441,"['GTG', 'GMDpDMG']",240.0,0.98,11895.0,1
1,G:HGNC:393,G:HGNC:9441,['GMDMG'],725.0,0.818,3974.0,1
2,G:HGNC:393,G:HGNC:9441,['GMDpDMG'],3053.0,0.441,5463.0,1
5,G:HGNC:393,G:HGNC:9441,"['GMDMG', 'GMDpDMG']",3494.0,0.728,12865.0,1
,gene1,gene2,meta_path,meta_path_rank,rank_percent,total_rank,label
0,G:HGNC:9407,G:HGNC:9380,['GPdPG'],34.0,0.469,64.0,1
1,G:HGNC:9407,G:HGNC:9380,['GTG'],259.0,0.675,798.0,1
2,G:HGNC:9407,G:HGNC:9380,"['GPdPG', 'GTG']",306.0,0.409,518.0,1
,gene1,gene2,meta_path,meta_path_rank,rank_percent,total_rank,label
14,G:HGNC:409,G:HGNC:410,"['GPdPG', 'GTG', 'GMDMG', 'GMDpDMG']",2.0,0.984,127.0,1
0,G:HGNC:409,G:HGNC:410,['GPdPG'],3.0,0.88,25.0,1
10,G:HGNC:409,G:HGNC:410,"['GPdPG', 'GTG', 'GMDMG']",5.0,0.965,143.0,1
11,G:HGNC:409,G:HGNC:410,"['GPdPG', 'GTG', 'GMDpDMG']",8.0,0.937,127.0,1
12,G:HGNC:409,G:HGNC:410,"['GPdPG', 'GMDMG', 'GMDpDMG']",11.0,0.929,154.0,1
4,G:HGNC:409,G:HGNC:410,"['GPdPG', 'GTG']",15.0,0.897,145.0,1
5,G:HGNC:409,G:HGNC:410,"['GPdPG', 'GMDMG']",23.0,0.861,165.0,1
6,G:HGNC:409,G:HGNC:410,"['GPdPG', 'GMDpDMG']",28.0,0.803,142.0,1
1,G:HGNC:409,G:HGNC:410,['GTG'],36.0,0.921,454.0,1
13,G:HGNC:409,G:HGNC:410,"['GTG', 'GMDMG', 'GMDpDMG']",83.0,0.994,13828.0,1
8,G:HGNC:409,G:HGNC:410,"['GTG', 'GMDpDMG']",96.0,0.991,11248.0,1
7,G:HGNC:409,G:HGNC:410,"['GTG', 'GMDMG']",132.0,0.989,12092.0,1
3,G:HGNC:409,G:HGNC:410,['GMDpDMG'],647.0,0.874,5139.0,1
9,G:HGNC:409,G:HGNC:410,"['GMDMG', 'GMDpDMG']",1432.0,0.886,12614.0,1
2,G:HGNC:409,G:HGNC:410,['GMDMG'],1593.0,0.541,3472.0,1
,gene1,gene2,meta_path,meta_path_rank,rank_percent,total_rank,label
2,G:HGNC:9031,G:HGNC:13414,"['GPdPG', 'GTG']",1.0,0.98,49.0,1
0,G:HGNC:9031,G:HGNC:13414,['GPdPG'],4.0,0.871,31.0,1
1,G:HGNC:9031,G:HGNC:13414,['GTG'],5.0,0.987,396.0,1
,gene1,gene2,meta_path,meta_path_rank,rank_percent,total_rank,label
0,G:HGNC:1118,G:HGNC:1667,['GTG'],1.0,0.998,447.0,1
,gene1,gene2,meta_path,meta_path_rank,rank_percent,total_rank,label
0,G:HGNC:757,G:HGNC:17113,['GTG'],248.0,0.463,462.0,1
2,G:HGNC:757,G:HGNC:17113,['GMDpDMG'],2216.0,0.587,5360.0,1
1,G:HGNC:757,G:HGNC:17113,['GMDMG'],2547.0,0.348,3909.0,1
4,G:HGNC:757,G:HGNC:17113,"['GTG', 'GMDpDMG']",4691.0,0.568,10847.0,1
3,G:HGNC:757,G:HGNC:17113,"['GTG', 'GMDMG']",6240.0,0.49,12229.0,1
5,G:HGNC:757,G:HGNC:17113,"['GMDMG', 'GMDpDMG']",6471.0,0.472,12245.0,1
6,G:HGNC:757,G:HGNC:17113,"['GTG', 'GMDMG', 'GMDpDMG']",6634.0,0.517,13725.0,1
,gene1,gene2,meta_path,meta_path_rank,rank_percent,total_rank,label
0,G:HGNC:9322,G:HGNC:25415,['GTG'],125.0,0.767,536.0,1
,gene1,gene2,meta_path,meta_path_rank,rank_percent,total_rank,label
0,G:HGNC:9381,G:HGNC:11399,['GPdPG'],2.0,0.947,38.0,1
4,G:HGNC:9381,G:HGNC:11399,"['GPdPG', 'GMG']",70.0,0.478,134.0,1
6,G:HGNC:9381,G:HGNC:11399,"['GPdPG', 'GTG', 'GMG']",81.0,0.404,136.0,1
3,G:HGNC:9381,G:HGNC:11399,"['GPdPG', 'GTG']",186.0,0.511,380.0,1
1,G:HGNC:9381,G:HGNC:11399,['GTG'],235.0,0.573,550.0,1
2,G:HGNC:9381,G:HGNC:11399,['GMG'],797.0,0.238,1046.0,1
5,G:HGNC:9381,G:HGNC:11399,"['GTG', 'GMG']",1568.0,0.529,3328.0,1
,gene1,gene2,meta_path,meta_path_rank,rank_percent,total_rank,label
0,G:HGNC:9173,G:HGNC:9186,['GTG'],117.0,0.795,571.0,1
1,G:HGNC:9173,G:HGNC:9186,['GMG'],980.0,0.109,1100.0,1
4,G:HGNC:9173,G:HGNC:9186,"['GTG', 'GMG']",2268.0,0.513,4657.0,1
5,G:HGNC:9173,G:HGNC:9186,"['GTG', 'GMDMG']",2577.0,0.77,11190.0,1
6,G:HGNC:9173,G:HGNC:9186,"['GTG', 'GMDpDMG']",3174.0,0.728,11649.0,1
2,G:HGNC:9173,G:HGNC:9186,['GMDMG'],3183.0,0.187,3915.0,1
11,G:HGNC:9173,G:HGNC:9186,"['GTG', 'GMG', 'GMDpDMG']",4277.0,0.347,6552.0,1
10,G:HGNC:9173,G:HGNC:9186,"['GTG', 'GMG', 'GMDMG']",4707.0,0.356,7309.0,1
3,G:HGNC:9173,G:HGNC:9186,['GMDpDMG'],4861.0,0.185,5962.0,1
14,G:HGNC:9173,G:HGNC:9186,"['GTG', 'GMG', 'GMDMG', 'GMDpDMG']",5002.0,0.242,6598.0,1
8,G:HGNC:9173,G:HGNC:9186,"['GMG', 'GMDpDMG']",6527.0,0.111,7341.0,1
7,G:HGNC:9173,G:HGNC:9186,"['GMG', 'GMDMG']",6917.0,0.1,7689.0,1
13,G:HGNC:9173,G:HGNC:9186,"['GMG', 'GMDMG', 'GMDpDMG']",6943.0,0.108,7787.0,1
12,G:HGNC:9173,G:HGNC:9186,"['GTG', 'GMDMG', 'GMDpDMG']",7381.0,0.458,13628.0,1
9,G:HGNC:9173,G:HGNC:9186,"['GMDMG', 'GMDpDMG']",10218.0,0.149,12009.0,1
,gene1,gene2,meta_path,meta_path_rank,rank_percent,total_rank,label
0,G:HGNC:9381,G:HGNC:11408,['GTG'],128.0,0.818,704.0,1
5,G:HGNC:9381,G:HGNC:11408,"['GTG', 'GMDMG']",208.0,0.986,14410.0,1
6,G:HGNC:9381,G:HGNC:11408,"['GTG', 'GMDpDMG']",329.0,0.976,13597.0,1
12,G:HGNC:9381,G:HGNC:11408,"['GTG', 'GMDMG', 'GMDpDMG']",520.0,0.966,15307.0,1
2,G:HGNC:9381,G:HGNC:11408,['GMDMG'],1287.0,0.714,4504.0,1
10,G:HGNC:9381,G:HGNC:11408,"['GTG', 'GMG', 'GMDMG']",1298.0,0.846,8446.0,1
11,G:HGNC:9381,G:HGNC:11408,"['GTG', 'GMG', 'GMDpDMG']",1300.0,0.835,7897.0,1
4,G:HGNC:9381,G:HGNC:11408,"['GTG', 'GMG']",1313.0,0.784,6088.0,1
14,G:HGNC:9381,G:HGNC:11408,"['GTG', 'GMG', 'GMDMG', 'GMDpDMG']",1355.0,0.829,7921.0,1
1,G:HGNC:9381,G:HGNC:11408,['GMG'],1369.0,0.211,1736.0,1
13,G:HGNC:9381,G:HGNC:11408,"['GMG', 'GMDMG', 'GMDpDMG']",2817.0,0.689,9065.0,1
8,G:HGNC:9381,G:HGNC:11408,"['GMG', 'GMDpDMG']",2990.0,0.658,8733.0,1
7,G:HGNC:9381,G:HGNC:11408,"['GMG', 'GMDMG']",3012.0,0.678,9350.0,1
3,G:HGNC:9381,G:HGNC:11408,['GMDpDMG'],3379.0,0.508,6861.0,1
9,G:HGNC:9381,G:HGNC:11408,"['GMDMG', 'GMDpDMG']",3634.0,0.722,13094.0,1
,gene1,gene2,meta_path,meta_path_rank,rank_percent,total_rank,label
0,G:HGNC:9316,G:HGNC:9322,['GTG'],162.0,0.699,538.0,1
,gene1,gene2,meta_path,meta_path_rank,rank_percent,total_rank,label
0,G:HGNC:9402,G:HGNC:9410,['GPdPG'],3.0,0.95,60.0,1
2,G:HGNC:9402,G:HGNC:9410,"['GPdPG', 'GTG']",19.0,0.959,460.0,1
1,G:HGNC:9402,G:HGNC:9410,['GTG'],47.0,0.917,564.0,1
,gene1,gene2,meta_path,meta_path_rank,rank_percent,total_rank,label
0,G:HGNC:29958,G:HGNC:19978,['GTG'],25.0,0.866,186.0,1
2,G:HGNC:29958,G:HGNC:19978,"['GTG', 'GMG']",46.0,0.921,583.0,1
1,G:HGNC:29958,G:HGNC:19978,['GMG'],232.0,0.733,868.0,1
,gene1,gene2,meta_path,meta_path_rank,rank_percent,total_rank,label
0,G:HGNC:4637,G:HGNC:4629,['GPdPG'],1.0,0.917,12.0,1
1,G:HGNC:4637,G:HGNC:4629,['GTG'],1.0,0.997,309.0,1
2,G:HGNC:4637,G:HGNC:4629,"['GPdPG', 'GTG']",1.0,0.98,50.0,1
,gene1,gene2,meta_path,meta_path_rank,rank_percent,total_rank,label
0,G:HGNC:13816,G:HGNC:820,['GTG'],4.0,0.987,306.0,1
,gene1,gene2,meta_path,meta_path_rank,rank_percent,total_rank,label
0,G:HGNC:3655,G:HGNC:2444,['GPdPG'],6.0,0.87,46.0,1
1,G:HGNC:3655,G:HGNC:2444,['GTG'],82.0,0.872,640.0,1
11,G:HGNC:3655,G:HGNC:2444,"['GPdPG', 'GTG', 'GMDpDMG']",120.0,0.69,387.0,1
4,G:HGNC:3655,G:HGNC:2444,"['GPdPG', 'GTG']",136.0,0.689,438.0,1
6,G:HGNC:3655,G:HGNC:2444,"['GPdPG', 'GMDpDMG']",148.0,0.566,341.0,1
10,G:HGNC:3655,G:HGNC:2444,"['GPdPG', 'GTG', 'GMDMG']",156.0,0.632,424.0,1
5,G:HGNC:3655,G:HGNC:2444,"['GPdPG', 'GMDMG']",162.0,0.551,361.0,1
14,G:HGNC:3655,G:HGNC:2444,"['GPdPG', 'GTG', 'GMDMG', 'GMDpDMG']",196.0,0.492,386.0,1
12,G:HGNC:3655,G:HGNC:2444,"['GPdPG', 'GMDMG', 'GMDpDMG']",210.0,0.452,383.0,1
8,G:HGNC:3655,G:HGNC:2444,"['GTG', 'GMDpDMG']",1890.0,0.831,11166.0,1
2,G:HGNC:3655,G:HGNC:2444,['GMDMG'],2189.0,0.323,3231.0,1
7,G:HGNC:3655,G:HGNC:2444,"['GTG', 'GMDMG']",2880.0,0.725,10473.0,1
3,G:HGNC:3655,G:HGNC:2444,['GMDpDMG'],2913.0,0.365,4584.0,1
13,G:HGNC:3655,G:HGNC:2444,"['GTG', 'GMDMG', 'GMDpDMG']",6817.0,0.521,14229.0,1
9,G:HGNC:3655,G:HGNC:2444,"['GMDMG', 'GMDpDMG']",8732.0,0.275,12043.0,1
,gene1,gene2,meta_path,meta_path_rank,rank_percent,total_rank,label
0,G:HGNC:4131,G:HGNC:4130,['GTG'],4.0,0.982,225.0,1
,gene1,gene2,meta_path,meta_path_rank,rank_percent,total_rank,label
0,G:HGNC:9407,G:HGNC:9416,['GPdPG'],1.0,0.963,27.0,1
2,G:HGNC:9407,G:HGNC:9416,"['GPdPG', 'GTG']",97.0,0.731,360.0,1
1,G:HGNC:9407,G:HGNC:9416,['GTG'],186.0,0.698,615.0,1
,gene1,gene2,meta_path,meta_path_rank,rank_percent,total_rank,label
4,G:HGNC:1368,G:HGNC:1373,"['GPdPG', 'GMG']",2.0,0.935,31.0,1
6,G:HGNC:1368,G:HGNC:1373,"['GPdPG', 'GTG', 'GMG']",2.0,0.929,28.0,1
0,G:HGNC:1368,G:HGNC:1373,['GPdPG'],3.0,0.969,96.0,1
3,G:HGNC:1368,G:HGNC:1373,"['GPdPG', 'GTG']",5.0,0.961,129.0,1
2,G:HGNC:1368,G:HGNC:1373,['GMG'],7.0,0.971,240.0,1
1,G:HGNC:1368,G:HGNC:1373,['GTG'],14.0,0.968,431.0,1
5,G:HGNC:1368,G:HGNC:1373,"['GTG', 'GMG']",32.0,0.977,1398.0,1
,gene1,gene2,meta_path,meta_path_rank,rank_percent,total_rank,label
0,G:HGNC:7455,G:HGNC:7717,['GDG'],8.0,0.333,12.0,1
7,G:HGNC:7455,G:HGNC:7717,"['GDG', 'GPdPG']",10.0,0.231,13.0,1
3,G:HGNC:7455,G:HGNC:7717,['GPdPG'],11.0,0.732,41.0,1
16,G:HGNC:7455,G:HGNC:7717,"['GDG', 'GDpDG', 'GPdPG']",14.0,0.176,17.0,1
25,G:HGNC:7455,G:HGNC:7717,"['GDG', 'GDpDG', 'GDpDpDG', 'GPdPG']",15.0,0.062,16.0,1
5,G:HGNC:7455,G:HGNC:7717,"['GDG', 'GDpDG']",15.0,0.423,26.0,1
18,G:HGNC:7455,G:HGNC:7717,"['GDG', 'GDpDpDG', 'GPdPG']",15.0,0.062,16.0,1
1,G:HGNC:7455,G:HGNC:7717,['GDpDG'],16.0,0.981,848.0,1
4,G:HGNC:7455,G:HGNC:7717,['GTG'],16.0,0.953,340.0,1
10,G:HGNC:7455,G:HGNC:7717,"['GDpDG', 'GPdPG']",17.0,0.833,102.0,1
15,G:HGNC:7455,G:HGNC:7717,"['GDG', 'GDpDG', 'GDpDpDG']",21.0,0.16,25.0,1
6,G:HGNC:7455,G:HGNC:7717,"['GDG', 'GDpDpDG']",22.0,0.12,25.0,1
30,G:HGNC:7455,G:HGNC:7717,"['GDG', 'GDpDG', 'GDpDpDG', 'GPdPG', 'GTG']",28.0,0.263,38.0,1
28,G:HGNC:7455,G:HGNC:7717,"['GDG', 'GDpDpDG', 'GPdPG', 'GTG']",29.0,0.237,38.0,1
21,G:HGNC:7455,G:HGNC:7717,"['GDpDG', 'GDpDpDG', 'GPdPG']",29.0,0.716,102.0,1
20,G:HGNC:7455,G:HGNC:7717,"['GDG', 'GPdPG', 'GTG']",29.0,0.37,46.0,1
8,G:HGNC:7455,G:HGNC:7717,"['GDG', 'GTG']",30.0,0.474,57.0,1
19,G:HGNC:7455,G:HGNC:7717,"['GDG', 'GDpDpDG', 'GTG']",32.0,0.333,48.0,1
26,G:HGNC:7455,G:HGNC:7717,"['GDG', 'GDpDG', 'GDpDpDG', 'GTG']",32.0,0.333,48.0,1
29,G:HGNC:7455,G:HGNC:7717,"['GDpDG', 'GDpDpDG', 'GPdPG', 'GTG']",32.0,0.698,106.0,1
11,G:HGNC:7455,G:HGNC:7717,"['GDpDG', 'GTG']",32.0,0.986,2269.0,1
27,G:HGNC:7455,G:HGNC:7717,"['GDG', 'GDpDG', 'GPdPG', 'GTG']",33.0,0.283,46.0,1
14,G:HGNC:7455,G:HGNC:7717,"['GPdPG', 'GTG']",34.0,0.821,190.0,1
17,G:HGNC:7455,G:HGNC:7717,"['GDG', 'GDpDG', 'GTG']",35.0,0.417,60.0,1
23,G:HGNC:7455,G:HGNC:7717,"['GDpDG', 'GPdPG', 'GTG']",35.0,0.69,113.0,1
22,G:HGNC:7455,G:HGNC:7717,"['GDpDG', 'GDpDpDG', 'GTG']",39.0,0.986,2728.0,1
24,G:HGNC:7455,G:HGNC:7717,"['GDpDpDG', 'GPdPG', 'GTG']",49.0,0.629,132.0,1
9,G:HGNC:7455,G:HGNC:7717,"['GDpDG', 'GDpDpDG']",63.0,0.982,3409.0,1
12,G:HGNC:7455,G:HGNC:7717,"['GDpDpDG', 'GPdPG']",83.0,0.415,142.0,1
13,G:HGNC:7455,G:HGNC:7717,"['GDpDpDG', 'GTG']",88.0,0.981,4678.0,1
2,G:HGNC:7455,G:HGNC:7717,['GDpDpDG'],2310.0,0.61,5916.0,1
,gene1,gene2,meta_path,meta_path_rank,rank_percent,total_rank,label
0,G:HGNC:1970,G:HGNC:1972,['GTG'],4.0,0.985,261.0,1
,gene1,gene2,meta_path,meta_path_rank,rank_percent,total_rank,label
0,G:HGNC:1459,G:HGNC:1463,['GPdPG'],5.0,0.881,42.0,1
1,G:HGNC:1459,G:HGNC:1463,['GTG'],43.0,0.917,517.0,1
2,G:HGNC:1459,G:HGNC:1463,"['GPdPG', 'GTG']",80.0,0.791,383.0,1
,gene1,gene2,meta_path,meta_path_rank,rank_percent,total_rank,label
0,G:HGNC:17016,G:HGNC:17933,['GTG'],14.0,0.976,579.0,1
,gene1,gene2,meta_path,meta_path_rank,rank_percent,total_rank,label
0,G:HGNC:9276,G:HGNC:9314,['GTG'],186.0,0.665,555.0,1
1,G:HGNC:9276,G:HGNC:9314,['GMDpDMG'],4185.0,0.046,4389.0,1
2,G:HGNC:9276,G:HGNC:9314,"['GTG', 'GMDpDMG']",9182.0,0.108,10298.0,1
,gene1,gene2,meta_path,meta_path_rank,rank_percent,total_rank,label
0,G:HGNC:16890,G:HGNC:9288,['GTG'],110.0,0.673,336.0,1
1,G:HGNC:16890,G:HGNC:9288,['GMDMG'],3236.0,0.334,4860.0,1
4,G:HGNC:16890,G:HGNC:9288,"['GTG', 'GMDpDMG']",3632.0,0.655,10540.0,1
6,G:HGNC:16890,G:HGNC:9288,"['GTG', 'GMDMG', 'GMDpDMG']",3696.0,0.704,12499.0,1
3,G:HGNC:16890,G:HGNC:9288,"['GTG', 'GMDMG']",3805.0,0.646,10737.0,1
2,G:HGNC:16890,G:HGNC:9288,['GMDpDMG'],3823.0,0.468,7181.0,1
5,G:HGNC:16890,G:HGNC:9288,"['GMDMG', 'GMDpDMG']",5406.0,0.588,13110.0,1
,gene1,gene2,meta_path,meta_path_rank,rank_percent,total_rank,label
1,G:HGNC:11503,G:HGNC:8108,['GTG'],54.0,0.894,509.0,1
11,G:HGNC:11503,G:HGNC:8108,"['GTG', 'GMDpDMG']",93.0,0.991,10682.0,1
15,G:HGNC:11503,G:HGNC:8108,"['GDpDpDG', 'GTG', 'GMG']",133.0,0.905,1400.0,1
26,G:HGNC:11503,G:HGNC:8108,"['GDpDpDG', 'GTG', 'GMG', 'GMDpDMG']",159.0,0.88,1326.0,1
17,G:HGNC:11503,G:HGNC:8108,"['GDpDpDG', 'GTG', 'GMDpDMG']",190.0,0.927,2611.0,1
25,G:HGNC:11503,G:HGNC:8108,"['GDpDpDG', 'GTG', 'GMG', 'GMDMG']",263.0,0.808,1372.0,1
9,G:HGNC:11503,G:HGNC:8108,"['GTG', 'GMG']",297.0,0.93,4256.0,1
30,G:HGNC:11503,G:HGNC:8108,"['GDpDpDG', 'GTG', 'GMG', 'GMDMG', 'GMDpDMG']",297.0,0.776,1326.0,1
16,G:HGNC:11503,G:HGNC:8108,"['GDpDpDG', 'GTG', 'GMDMG']",298.0,0.899,2949.0,1
27,G:HGNC:11503,G:HGNC:8108,"['GDpDpDG', 'GTG', 'GMDMG', 'GMDpDMG']",321.0,0.877,2608.0,1
10,G:HGNC:11503,G:HGNC:8108,"['GTG', 'GMDMG']",328.0,0.972,11742.0,1
5,G:HGNC:11503,G:HGNC:8108,"['GDpDpDG', 'GTG']",405.0,0.901,4093.0,1
2,G:HGNC:11503,G:HGNC:8108,['GMG'],512.0,0.472,970.0,1
22,G:HGNC:11503,G:HGNC:8108,"['GTG', 'GMG', 'GMDpDMG']",588.0,0.904,6157.0,1
19,G:HGNC:11503,G:HGNC:8108,"['GDpDpDG', 'GMG', 'GMDpDMG']",641.0,0.621,1691.0,1
6,G:HGNC:11503,G:HGNC:8108,"['GDpDpDG', 'GMG']",684.0,0.618,1789.0,1
28,G:HGNC:11503,G:HGNC:8108,"['GDpDpDG', 'GMG', 'GMDMG', 'GMDpDMG']",792.0,0.532,1691.0,1
18,G:HGNC:11503,G:HGNC:8108,"['GDpDpDG', 'GMG', 'GMDMG']",800.0,0.543,1749.0,1
23,G:HGNC:11503,G:HGNC:8108,"['GTG', 'GMDMG', 'GMDpDMG']",893.0,0.925,11892.0,1
21,G:HGNC:11503,G:HGNC:8108,"['GTG', 'GMG', 'GMDMG']",1078.0,0.831,6393.0,1
8,G:HGNC:11503,G:HGNC:8108,"['GDpDpDG', 'GMDpDMG']",1297.0,0.647,3674.0,1
20,G:HGNC:11503,G:HGNC:8108,"['GDpDpDG', 'GMDMG', 'GMDpDMG']",1324.0,0.639,3669.0,1
29,G:HGNC:11503,G:HGNC:8108,"['GTG', 'GMG', 'GMDMG', 'GMDpDMG']",1396.0,0.775,6200.0,1
7,G:HGNC:11503,G:HGNC:8108,"['GDpDpDG', 'GMDMG']",1539.0,0.633,4198.0,1
0,G:HGNC:11503,G:HGNC:8108,['GDpDpDG'],2799.0,0.514,5763.0,1
13,G:HGNC:11503,G:HGNC:8108,"['GMG', 'GMDpDMG']",3052.0,0.59,7448.0,1
3,G:HGNC:11503,G:HGNC:8108,['GMDMG'],3242.0,0.337,4890.0,1
4,G:HGNC:11503,G:HGNC:8108,['GMDpDMG'],3531.0,0.478,6758.0,1
12,G:HGNC:11503,G:HGNC:8108,"['GMG', 'GMDMG']",3930.0,0.501,7871.0,1
24,G:HGNC:11503,G:HGNC:8108,"['GMG', 'GMDMG', 'GMDpDMG']",4070.0,0.48,7829.0,1
14,G:HGNC:11503,G:HGNC:8108,"['GMDMG', 'GMDpDMG']",7056.0,0.461,13099.0,1
,gene1,gene2,meta_path,meta_path_rank,rank_percent,total_rank,label
0,G:HGNC:2288,G:HGNC:2294,['GTG'],38.0,0.845,245.0,1
,gene1,gene2,meta_path,meta_path_rank,rank_percent,total_rank,label
0,G:HGNC:19662,G:HGNC:7061,['GPdPG'],1.0,0.917,12.0,1
2,G:HGNC:19662,G:HGNC:7061,"['GPdPG', 'GTG']",23.0,0.629,62.0,1
1,G:HGNC:19662,G:HGNC:7061,['GTG'],86.0,0.803,437.0,1
,gene1,gene2,meta_path,meta_path_rank,rank_percent,total_rank,label
0,G:HGNC:9306,G:HGNC:9317,['GTG'],85.0,0.781,388.0,1
1,G:HGNC:9306,G:HGNC:9317,['GMDMG'],3314.0,0.161,3948.0,1
2,G:HGNC:9306,G:HGNC:9317,['GMDpDMG'],5119.0,0.108,5741.0,1
3,G:HGNC:9306,G:HGNC:9317,"['GTG', 'GMDMG']",7100.0,0.233,9259.0,1
4,G:HGNC:9306,G:HGNC:9317,"['GTG', 'GMDpDMG']",7108.0,0.265,9674.0,1
6,G:HGNC:9306,G:HGNC:9317,"['GTG', 'GMDMG', 'GMDpDMG']",10083.0,0.157,11963.0,1
5,G:HGNC:9306,G:HGNC:9317,"['GMDMG', 'GMDpDMG']",10547.0,0.102,11746.0,1
,gene1,gene2,meta_path,meta_path_rank,rank_percent,total_rank,label
0,G:HGNC:9299,G:HGNC:9317,['GTG'],159.0,0.697,525.0,1
1,G:HGNC:9299,G:HGNC:9317,['GMG'],825.0,0.105,922.0,1
5,G:HGNC:9299,G:HGNC:9317,"['GTG', 'GMDMG']",1511.0,0.891,13817.0,1
6,G:HGNC:9299,G:HGNC:9317,"['GTG', 'GMDpDMG']",1536.0,0.88,12845.0,1
12,G:HGNC:9299,G:HGNC:9317,"['GTG', 'GMDMG', 'GMDpDMG']",1817.0,0.876,14672.0,1
2,G:HGNC:9299,G:HGNC:9317,['GMDMG'],2279.0,0.475,4337.0,1
14,G:HGNC:9299,G:HGNC:9317,"['GTG', 'GMG', 'GMDMG', 'GMDpDMG']",2595.0,0.615,6744.0,1
11,G:HGNC:9299,G:HGNC:9317,"['GTG', 'GMG', 'GMDpDMG']",2827.0,0.58,6723.0,1
4,G:HGNC:9299,G:HGNC:9317,"['GTG', 'GMG']",2963.0,0.338,4477.0,1
10,G:HGNC:9299,G:HGNC:9317,"['GTG', 'GMG', 'GMDMG']",3384.0,0.531,7222.0,1
3,G:HGNC:9299,G:HGNC:9317,['GMDpDMG'],4435.0,0.344,6758.0,1
13,G:HGNC:9299,G:HGNC:9317,"['GMG', 'GMDMG', 'GMDpDMG']",4749.0,0.407,8006.0,1
8,G:HGNC:9299,G:HGNC:9317,"['GMG', 'GMDpDMG']",5358.0,0.299,7642.0,1
7,G:HGNC:9299,G:HGNC:9317,"['GMG', 'GMDMG']",5447.0,0.34,8250.0,1
9,G:HGNC:9299,G:HGNC:9317,"['GMDMG', 'GMDpDMG']",6406.0,0.506,12962.0,1
,gene1,gene2,meta_path,meta_path_rank,rank_percent,total_rank,label
0,G:HGNC:6863,G:HGNC:392,['GTG'],280.0,0.567,647.0,1
,gene1,gene2,meta_path,meta_path_rank,rank_percent,total_rank,label
0,G:HGNC:9407,G:HGNC:30045,['GTG'],183.0,0.744,714.0,1
1,G:HGNC:9407,G:HGNC:30045,['GMG'],1205.0,0.065,1289.0,1
2,G:HGNC:9407,G:HGNC:30045,"['GTG', 'GMG']",2569.0,0.493,5070.0,1
,gene1,gene2,meta_path,meta_path_rank,rank_percent,total_rank,label
26,G:HGNC:9302,G:HGNC:9314,"['GDpDG', 'GDpDpDG', 'GTG', 'GMDpDMG']",4.0,0.996,1036.0,1
25,G:HGNC:9302,G:HGNC:9314,"['GDpDG', 'GDpDpDG', 'GTG', 'GMDMG']",4.0,0.997,1180.0,1
6,G:HGNC:9302,G:HGNC:9314,"['GDpDG', 'GTG']",4.0,0.997,1324.0,1
19,G:HGNC:9302,G:HGNC:9314,"['GDpDG', 'GTG', 'GMDpDMG']",5.0,0.995,1035.0,1
18,G:HGNC:9302,G:HGNC:9314,"['GDpDG', 'GTG', 'GMDMG']",5.0,0.996,1177.0,1
15,G:HGNC:9302,G:HGNC:9314,"['GDpDG', 'GDpDpDG', 'GTG']",7.0,0.995,1554.0,1
22,G:HGNC:9302,G:HGNC:9314,"['GDpDpDG', 'GTG', 'GMDpDMG']",8.0,0.998,3218.0,1
21,G:HGNC:9302,G:HGNC:9314,"['GDpDpDG', 'GTG', 'GMDMG']",8.0,0.998,3637.0,1
9,G:HGNC:9302,G:HGNC:9314,"['GDpDpDG', 'GTG']",8.0,0.998,5225.0,1
30,G:HGNC:9302,G:HGNC:9314,"['GDpDG', 'GDpDpDG', 'GTG', 'GMDMG', 'GMDpDMG']",8.0,0.992,1029.0,1
16,G:HGNC:9302,G:HGNC:9314,"['GDpDG', 'GDpDpDG', 'GMDMG']",13.0,0.99,1302.0,1
28,G:HGNC:9302,G:HGNC:9314,"['GDpDG', 'GTG', 'GMDMG', 'GMDpDMG']",16.0,0.984,1028.0,1
17,G:HGNC:9302,G:HGNC:9314,"['GDpDG', 'GDpDpDG', 'GMDpDMG']",16.0,0.986,1138.0,1
27,G:HGNC:9302,G:HGNC:9314,"['GDpDG', 'GDpDpDG', 'GMDMG', 'GMDpDMG']",21.0,0.981,1133.0,1
7,G:HGNC:9302,G:HGNC:9314,"['GDpDG', 'GMDMG']",21.0,0.983,1236.0,1
0,G:HGNC:9302,G:HGNC:9314,['GDpDG'],32.0,0.908,349.0,1
8,G:HGNC:9302,G:HGNC:9314,"['GDpDG', 'GMDpDMG']",32.0,0.971,1118.0,1
1,G:HGNC:9302,G:HGNC:9314,['GDpDpDG'],37.0,0.993,5657.0,1
5,G:HGNC:9302,G:HGNC:9314,"['GDpDG', 'GDpDpDG']",37.0,0.978,1687.0,1
29,G:HGNC:9302,G:HGNC:9314,"['GDpDpDG', 'GTG', 'GMDMG', 'GMDpDMG']",47.0,0.985,3205.0,1
20,G:HGNC:9302,G:HGNC:9314,"['GDpDG', 'GMDMG', 'GMDpDMG']",58.0,0.949,1127.0,1
2,G:HGNC:9302,G:HGNC:9314,['GTG'],65.0,0.891,599.0,1
10,G:HGNC:9302,G:HGNC:9314,"['GDpDpDG', 'GMDMG']",68.0,0.983,4041.0,1
11,G:HGNC:9302,G:HGNC:9314,"['GDpDpDG', 'GMDpDMG']",89.0,0.975,3560.0,1
23,G:HGNC:9302,G:HGNC:9314,"['GDpDpDG', 'GMDMG', 'GMDpDMG']",287.0,0.919,3548.0,1
13,G:HGNC:9302,G:HGNC:9314,"['GTG', 'GMDpDMG']",613.0,0.952,12799.0,1
12,G:HGNC:9302,G:HGNC:9314,"['GTG', 'GMDMG']",675.0,0.945,12279.0,1
3,G:HGNC:9302,G:HGNC:9314,['GMDMG'],2102.0,0.409,3558.0,1
24,G:HGNC:9302,G:HGNC:9314,"['GTG', 'GMDMG', 'GMDpDMG']",2224.0,0.849,14683.0,1
4,G:HGNC:9302,G:HGNC:9314,['GMDpDMG'],3405.0,0.427,5939.0,1
14,G:HGNC:9302,G:HGNC:9314,"['GMDMG', 'GMDpDMG']",6760.0,0.458,12482.0,1
,gene1,gene2,meta_path,meta_path_rank,rank_percent,total_rank,label
0,G:HGNC:18080,G:HGNC:14269,['GTG'],16.0,0.928,221.0,1
,gene1,gene2,meta_path,meta_path_rank,rank_percent,total_rank,label
0,G:HGNC:4131,G:HGNC:4124,['GTG'],20.0,0.944,355.0,1
,gene1,gene2,meta_path,meta_path_rank,rank_percent,total_rank,label
0,G:HGNC:255,G:HGNC:250,['GTG'],4.0,0.986,279.0,1
,gene1,gene2,meta_path,meta_path_rank,rank_percent,total_rank,label
0,G:HGNC:24592,G:HGNC:17885,['GTG'],1.0,0.997,398.0,1
3,G:HGNC:24592,G:HGNC:17885,"['GTG', 'GMDMG']",26.0,0.997,8853.0,1
4,G:HGNC:24592,G:HGNC:17885,"['GTG', 'GMDpDMG']",73.0,0.993,9773.0,1
6,G:HGNC:24592,G:HGNC:17885,"['GTG', 'GMDMG', 'GMDpDMG']",2240.0,0.817,12217.0,1
1,G:HGNC:24592,G:HGNC:17885,['GMDMG'],2351.0,0.324,3478.0,1
2,G:HGNC:24592,G:HGNC:17885,['GMDpDMG'],4036.0,0.275,5566.0,1
5,G:HGNC:24592,G:HGNC:17885,"['GMDMG', 'GMDpDMG']",8664.0,0.284,12104.0,1
,gene1,gene2,meta_path,meta_path_rank,rank_percent,total_rank,label
0,G:HGNC:9304,G:HGNC:18583,['GTG'],30.0,0.918,366.0,1
5,G:HGNC:9304,G:HGNC:18583,"['GTG', 'GMDMG']",82.0,0.993,11057.0,1
4,G:HGNC:9304,G:HGNC:18583,"['GTG', 'GMG']",83.0,0.976,3470.0,1
10,G:HGNC:9304,G:HGNC:18583,"['GTG', 'GMG', 'GMDMG']",92.0,0.987,7317.0,1
11,G:HGNC:9304,G:HGNC:18583,"['GTG', 'GMG', 'GMDpDMG']",168.0,0.975,6758.0,1
14,G:HGNC:9304,G:HGNC:18583,"['GTG', 'GMG', 'GMDMG', 'GMDpDMG']",247.0,0.964,6814.0,1
1,G:HGNC:9304,G:HGNC:18583,['GMG'],319.0,0.61,817.0,1
6,G:HGNC:9304,G:HGNC:18583,"['GTG', 'GMDpDMG']",561.0,0.943,9864.0,1
12,G:HGNC:9304,G:HGNC:18583,"['GTG', 'GMDMG', 'GMDpDMG']",690.0,0.94,11435.0,1
7,G:HGNC:9304,G:HGNC:18583,"['GMG', 'GMDMG']",861.0,0.912,9777.0,1
8,G:HGNC:9304,G:HGNC:18583,"['GMG', 'GMDpDMG']",1054.0,0.881,8884.0,1
13,G:HGNC:9304,G:HGNC:18583,"['GMG', 'GMDMG', 'GMDpDMG']",1215.0,0.872,9463.0,1
2,G:HGNC:9304,G:HGNC:18583,['GMDMG'],1374.0,0.756,5629.0,1
3,G:HGNC:9304,G:HGNC:18583,['GMDpDMG'],3324.0,0.503,6686.0,1
9,G:HGNC:9304,G:HGNC:18583,"['GMDMG', 'GMDpDMG']",4375.0,0.664,13016.0,1
,gene1,gene2,meta_path,meta_path_rank,rank_percent,total_rank,label
0,G:HGNC:13480,G:HGNC:8591,['GPdPG'],1.0,0.963,27.0,1
7,G:HGNC:13480,G:HGNC:8591,"['GPdPG', 'GMDMG']",59.0,0.842,373.0,1
5,G:HGNC:13480,G:HGNC:8591,"['GPdPG', 'GTG']",90.0,0.764,382.0,1
16,G:HGNC:13480,G:HGNC:8591,"['GPdPG', 'GTG', 'GMDMG']",113.0,0.735,426.0,1
6,G:HGNC:13480,G:HGNC:8591,"['GPdPG', 'GMG']",134.0,0.313,195.0,1
25,G:HGNC:13480,G:HGNC:8591,"['GPdPG', 'GTG', 'GMG', 'GMDMG']",140.0,0.333,210.0,1
18,G:HGNC:13480,G:HGNC:8591,"['GPdPG', 'GMG', 'GMDMG']",140.0,0.336,211.0,1
30,G:HGNC:13480,G:HGNC:8591,"['GPdPG', 'GTG', 'GMG', 'GMDMG', 'GMDpDMG']",143.0,0.27,196.0,1
28,G:HGNC:13480,G:HGNC:8591,"['GPdPG', 'GMG', 'GMDMG', 'GMDpDMG']",146.0,0.259,197.0,1
26,G:HGNC:13480,G:HGNC:8591,"['GPdPG', 'GTG', 'GMG', 'GMDpDMG']",147.0,0.25,196.0,1
19,G:HGNC:13480,G:HGNC:8591,"['GPdPG', 'GMG', 'GMDpDMG']",148.0,0.249,197.0,1
1,G:HGNC:13480,G:HGNC:8591,['GTG'],154.0,0.764,652.0,1
15,G:HGNC:13480,G:HGNC:8591,"['GPdPG', 'GTG', 'GMG']",167.0,0.301,239.0,1
8,G:HGNC:13480,G:HGNC:8591,"['GPdPG', 'GMDpDMG']",172.0,0.487,335.0,1
20,G:HGNC:13480,G:HGNC:8591,"['GPdPG', 'GMDMG', 'GMDpDMG']",195.0,0.477,373.0,1
27,G:HGNC:13480,G:HGNC:8591,"['GPdPG', 'GTG', 'GMDMG', 'GMDpDMG']",209.0,0.447,378.0,1
17,G:HGNC:13480,G:HGNC:8591,"['GPdPG', 'GTG', 'GMDpDMG']",215.0,0.433,379.0,1
2,G:HGNC:13480,G:HGNC:8591,['GMG'],1008.0,0.08,1096.0,1
10,G:HGNC:13480,G:HGNC:8591,"['GTG', 'GMDMG']",1271.0,0.898,12476.0,1
3,G:HGNC:13480,G:HGNC:8591,['GMDMG'],2001.0,0.492,3937.0,1
9,G:HGNC:13480,G:HGNC:8591,"['GTG', 'GMG']",2797.0,0.443,5021.0,1
21,G:HGNC:13480,G:HGNC:8591,"['GTG', 'GMG', 'GMDMG']",3924.0,0.496,7790.0,1
4,G:HGNC:13480,G:HGNC:8591,['GMDpDMG'],4393.0,0.138,5094.0,1
29,G:HGNC:13480,G:HGNC:8591,"['GTG', 'GMG', 'GMDMG', 'GMDpDMG']",4983.0,0.293,7051.0,1
22,G:HGNC:13480,G:HGNC:8591,"['GTG', 'GMG', 'GMDpDMG']",5050.0,0.279,7005.0,1
11,G:HGNC:13480,G:HGNC:8591,"['GTG', 'GMDpDMG']",5487.0,0.529,11639.0,1
12,G:HGNC:13480,G:HGNC:8591,"['GMG', 'GMDMG']",6718.0,0.214,8551.0,1
23,G:HGNC:13480,G:HGNC:8591,"['GTG', 'GMDMG', 'GMDpDMG']",6861.0,0.513,14084.0,1
24,G:HGNC:13480,G:HGNC:8591,"['GMG', 'GMDMG', 'GMDpDMG']",7033.0,0.154,8317.0,1
13,G:HGNC:13480,G:HGNC:8591,"['GMG', 'GMDpDMG']",7115.0,0.075,7692.0,1
14,G:HGNC:13480,G:HGNC:8591,"['GMDMG', 'GMDpDMG']",9588.0,0.24,12609.0,1
,gene1,gene2,meta_path,meta_path_rank,rank_percent,total_rank,label
1,G:HGNC:9402,G:HGNC:392,['GTG'],156.0,0.751,626.0,1
2,G:HGNC:9402,G:HGNC:392,"['GDpDpDG', 'GTG']",3518.0,0.176,4267.0,1
0,G:HGNC:9402,G:HGNC:392,['GDpDpDG'],4478.0,0.063,4777.0,1
,gene1,gene2,meta_path,meta_path_rank,rank_percent,total_rank,label
0,G:HGNC:13538,G:HGNC:9412,['GTG'],162.0,0.793,784.0,1
,gene1,gene2,meta_path,meta_path_rank,rank_percent,total_rank,label
0,G:HGNC:9304,G:HGNC:9319,['GTG'],30.0,0.928,414.0,1
1,G:HGNC:9304,G:HGNC:9319,['GMG'],385.0,0.489,753.0,1
4,G:HGNC:9304,G:HGNC:9319,"['GTG', 'GMG']",467.0,0.878,3840.0,1
5,G:HGNC:9304,G:HGNC:9319,"['GTG', 'GMDMG']",654.0,0.949,12847.0,1
6,G:HGNC:9304,G:HGNC:9319,"['GTG', 'GMDpDMG']",1034.0,0.916,12376.0,1
11,G:HGNC:9304,G:HGNC:9319,"['GTG', 'GMG', 'GMDpDMG']",1244.0,0.833,7443.0,1
10,G:HGNC:9304,G:HGNC:9319,"['GTG', 'GMG', 'GMDMG']",1545.0,0.806,7957.0,1
14,G:HGNC:9304,G:HGNC:9319,"['GTG', 'GMG', 'GMDMG', 'GMDpDMG']",2236.0,0.702,7491.0,1
12,G:HGNC:9304,G:HGNC:9319,"['GTG', 'GMDMG', 'GMDpDMG']",2629.0,0.815,14177.0,1
2,G:HGNC:9304,G:HGNC:9319,['GMDMG'],3224.0,0.353,4984.0,1
8,G:HGNC:9304,G:HGNC:9319,"['GMG', 'GMDpDMG']",3494.0,0.575,8224.0,1
7,G:HGNC:9304,G:HGNC:9319,"['GMG', 'GMDMG']",3857.0,0.565,8875.0,1
13,G:HGNC:9304,G:HGNC:9319,"['GMG', 'GMDMG', 'GMDpDMG']",4564.0,0.478,8737.0,1
3,G:HGNC:9304,G:HGNC:9319,['GMDpDMG'],4634.0,0.323,6840.0,1
9,G:HGNC:9304,G:HGNC:9319,"['GMDMG', 'GMDpDMG']",7513.0,0.424,13037.0,1
,gene1,gene2,meta_path,meta_path_rank,rank_percent,total_rank,label
0,G:HGNC:13536,G:HGNC:3706,['GTG'],24.0,0.942,415.0,1
,gene1,gene2,meta_path,meta_path_rank,rank_percent,total_rank,label
1,G:HGNC:7849,G:HGNC:7850,['GTG'],1.0,0.998,647.0,1
2,G:HGNC:7849,G:HGNC:7850,"['GPdPG', 'GTG']",27.0,0.889,243.0,1
0,G:HGNC:7849,G:HGNC:7850,['GPdPG'],29.0,0.341,44.0,1
,gene1,gene2,meta_path,meta_path_rank,rank_percent,total_rank,label
14,G:HGNC:393,G:HGNC:8590,"['GTG', 'GMG', 'GMDMG', 'GMDpDMG']",187.0,0.976,7678.0,1
10,G:HGNC:393,G:HGNC:8590,"['GTG', 'GMG', 'GMDMG']",196.0,0.976,8036.0,1
11,G:HGNC:393,G:HGNC:8590,"['GTG', 'GMG', 'GMDpDMG']",258.0,0.966,7605.0,1
4,G:HGNC:393,G:HGNC:8590,"['GTG', 'GMG']",286.0,0.935,4383.0,1
0,G:HGNC:393,G:HGNC:8590,['GTG'],327.0,0.591,799.0,1
1,G:HGNC:393,G:HGNC:8590,['GMG'],351.0,0.561,800.0,1
2,G:HGNC:393,G:HGNC:8590,['GMDMG'],403.0,0.9,4046.0,1
12,G:HGNC:393,G:HGNC:8590,"['GTG', 'GMDMG', 'GMDpDMG']",633.0,0.956,14551.0,1
5,G:HGNC:393,G:HGNC:8590,"['GTG', 'GMDMG']",639.0,0.954,13869.0,1
13,G:HGNC:393,G:HGNC:8590,"['GMG', 'GMDMG', 'GMDpDMG']",744.0,0.914,8680.0,1
7,G:HGNC:393,G:HGNC:8590,"['GMG', 'GMDMG']",815.0,0.905,8618.0,1
8,G:HGNC:393,G:HGNC:8590,"['GMG', 'GMDpDMG']",966.0,0.881,8085.0,1
6,G:HGNC:393,G:HGNC:8590,"['GTG', 'GMDpDMG']",1262.0,0.901,12769.0,1
9,G:HGNC:393,G:HGNC:8590,"['GMDMG', 'GMDpDMG']",2063.0,0.841,12955.0,1
3,G:HGNC:393,G:HGNC:8590,['GMDpDMG'],2778.0,0.534,5964.0,1
,gene1,gene2,meta_path,meta_path_rank,rank_percent,total_rank,label
0,G:HGNC:1970,G:HGNC:1973,['GTG'],1.0,0.996,249.0,1
2,G:HGNC:1970,G:HGNC:1973,"['GTG', 'GMDMG']",5.0,0.998,2508.0,1
1,G:HGNC:1970,G:HGNC:1973,['GMDMG'],287.0,0.852,1942.0,1
,gene1,gene2,meta_path,meta_path_rank,rank_percent,total_rank,label
0,G:HGNC:2265,G:HGNC:2287,['GPdPG'],1.0,0.909,11.0,1
2,G:HGNC:2265,G:HGNC:2287,"['GPdPG', 'GTG']",10.0,0.677,31.0,1
1,G:HGNC:2265,G:HGNC:2287,['GTG'],18.0,0.943,315.0,1
,gene1,gene2,meta_path,meta_path_rank,rank_percent,total_rank,label
8,G:HGNC:5194,G:HGNC:5196,"['GTG', 'GMDpDMG']",1.0,0.999,1415.0,1
4,G:HGNC:5194,G:HGNC:5196,"['GPdPG', 'GTG']",2.0,0.8,10.0,1
10,G:HGNC:5194,G:HGNC:5196,"['GPdPG', 'GTG', 'GMDMG']",2.0,0.778,9.0,1
11,G:HGNC:5194,G:HGNC:5196,"['GPdPG', 'GTG', 'GMDpDMG']",2.0,0.778,9.0,1
1,G:HGNC:5194,G:HGNC:5196,['GTG'],3.0,0.981,154.0,1
14,G:HGNC:5194,G:HGNC:5196,"['GPdPG', 'GTG', 'GMDMG', 'GMDpDMG']",3.0,0.667,9.0,1
0,G:HGNC:5194,G:HGNC:5196,['GPdPG'],4.0,0.778,18.0,1
6,G:HGNC:5194,G:HGNC:5196,"['GPdPG', 'GMDpDMG']",4.0,0.833,24.0,1
5,G:HGNC:5194,G:HGNC:5196,"['GPdPG', 'GMDMG']",8.0,0.667,24.0,1
12,G:HGNC:5194,G:HGNC:5196,"['GPdPG', 'GMDMG', 'GMDpDMG']",9.0,0.625,24.0,1
7,G:HGNC:5194,G:HGNC:5196,"['GTG', 'GMDMG']",33.0,0.974,1250.0,1
13,G:HGNC:5194,G:HGNC:5196,"['GTG', 'GMDMG', 'GMDpDMG']",85.0,0.946,1584.0,1
3,G:HGNC:5194,G:HGNC:5196,['GMDpDMG'],3294.0,0.441,5888.0,1
2,G:HGNC:5194,G:HGNC:5196,['GMDMG'],4088.0,0.132,4708.0,1
9,G:HGNC:5194,G:HGNC:5196,"['GMDMG', 'GMDpDMG']",9811.0,0.225,12652.0,1
,gene1,gene2,meta_path,meta_path_rank,rank_percent,total_rank,label
0,G:HGNC:3655,G:HGNC:12434,['GPdPG'],1.0,0.963,27.0,1
7,G:HGNC:3655,G:HGNC:12434,"['GPdPG', 'GMDMG']",10.0,0.974,385.0,1
20,G:HGNC:3655,G:HGNC:12434,"['GPdPG', 'GMDMG', 'GMDpDMG']",32.0,0.915,378.0,1
27,G:HGNC:3655,G:HGNC:12434,"['GPdPG', 'GTG', 'GMDMG', 'GMDpDMG']",36.0,0.906,381.0,1
16,G:HGNC:3655,G:HGNC:12434,"['GPdPG', 'GTG', 'GMDMG']",39.0,0.907,420.0,1
30,G:HGNC:3655,G:HGNC:12434,"['GPdPG', 'GTG', 'GMG', 'GMDMG', 'GMDpDMG']",57.0,0.69,184.0,1
5,G:HGNC:3655,G:HGNC:12434,"['GPdPG', 'GTG']",68.0,0.813,363.0,1
25,G:HGNC:3655,G:HGNC:12434,"['GPdPG', 'GTG', 'GMG', 'GMDMG']",72.0,0.638,199.0,1
17,G:HGNC:3655,G:HGNC:12434,"['GPdPG', 'GTG', 'GMDpDMG']",72.0,0.811,380.0,1
28,G:HGNC:3655,G:HGNC:12434,"['GPdPG', 'GMG', 'GMDMG', 'GMDpDMG']",76.0,0.591,186.0,1
8,G:HGNC:3655,G:HGNC:12434,"['GPdPG', 'GMDpDMG']",83.0,0.754,337.0,1
18,G:HGNC:3655,G:HGNC:12434,"['GPdPG', 'GMG', 'GMDMG']",85.0,0.577,201.0,1
26,G:HGNC:3655,G:HGNC:12434,"['GPdPG', 'GTG', 'GMG', 'GMDpDMG']",85.0,0.538,184.0,1
6,G:HGNC:3655,G:HGNC:12434,"['GPdPG', 'GMG']",103.0,0.398,171.0,1
19,G:HGNC:3655,G:HGNC:12434,"['GPdPG', 'GMG', 'GMDpDMG']",105.0,0.435,186.0,1
15,G:HGNC:3655,G:HGNC:12434,"['GPdPG', 'GTG', 'GMG']",114.0,0.455,209.0,1
1,G:HGNC:3655,G:HGNC:12434,['GTG'],119.0,0.812,634.0,1
10,G:HGNC:3655,G:HGNC:12434,"['GTG', 'GMDMG']",347.0,0.973,12948.0,1
3,G:HGNC:3655,G:HGNC:12434,['GMDMG'],475.0,0.863,3455.0,1
23,G:HGNC:3655,G:HGNC:12434,"['GTG', 'GMDMG', 'GMDpDMG']",631.0,0.956,14420.0,1
11,G:HGNC:3655,G:HGNC:12434,"['GTG', 'GMDpDMG']",993.0,0.915,11648.0,1
2,G:HGNC:3655,G:HGNC:12434,['GMG'],1036.0,0.104,1156.0,1
29,G:HGNC:3655,G:HGNC:12434,"['GTG', 'GMG', 'GMDMG', 'GMDpDMG']",1552.0,0.742,6024.0,1
21,G:HGNC:3655,G:HGNC:12434,"['GTG', 'GMG', 'GMDMG']",1653.0,0.743,6443.0,1
9,G:HGNC:3655,G:HGNC:12434,"['GTG', 'GMG']",1836.0,0.546,4044.0,1
22,G:HGNC:3655,G:HGNC:12434,"['GTG', 'GMG', 'GMDpDMG']",1971.0,0.671,5987.0,1
4,G:HGNC:3655,G:HGNC:12434,['GMDpDMG'],3009.0,0.392,4951.0,1
14,G:HGNC:3655,G:HGNC:12434,"['GMDMG', 'GMDpDMG']",3320.0,0.737,12634.0,1
24,G:HGNC:3655,G:HGNC:12434,"['GMG', 'GMDMG', 'GMDpDMG']",3811.0,0.465,7117.0,1
12,G:HGNC:3655,G:HGNC:12434,"['GMG', 'GMDMG']",4252.0,0.41,7209.0,1
13,G:HGNC:3655,G:HGNC:12434,"['GMG', 'GMDpDMG']",4856.0,0.265,6607.0,1
,gene1,gene2,meta_path,meta_path_rank,rank_percent,total_rank,label
0,G:HGNC:9278,G:HGNC:30695,['GTG'],63.0,0.835,381.0,1
3,G:HGNC:9278,G:HGNC:30695,"['GTG', 'GMDMG']",2196.0,0.66,6457.0,1
1,G:HGNC:9278,G:HGNC:30695,['GMDMG'],4162.0,0.121,4736.0,1
4,G:HGNC:9278,G:HGNC:30695,"['GTG', 'GMDpDMG']",4389.0,0.29,6180.0,1
2,G:HGNC:9278,G:HGNC:30695,['GMDpDMG'],5618.0,0.028,5779.0,1
6,G:HGNC:9278,G:HGNC:30695,"['GTG', 'GMDMG', 'GMDpDMG']",6976.0,0.183,8536.0,1
5,G:HGNC:9278,G:HGNC:30695,"['GMDMG', 'GMDpDMG']",11825.0,0.028,12165.0,1
,gene1,gene2,meta_path,meta_path_rank,rank_percent,total_rank,label
0,G:HGNC:9381,G:HGNC:1985,['GPdPG'],2.0,0.947,38.0,1
28,G:HGNC:9381,G:HGNC:1985,"['GPdPG', 'GMG', 'GMDMG', 'GMDpDMG']",14.0,0.919,172.0,1
18,G:HGNC:9381,G:HGNC:1985,"['GPdPG', 'GMG', 'GMDMG']",18.0,0.904,188.0,1
19,G:HGNC:9381,G:HGNC:1985,"['GPdPG', 'GMG', 'GMDpDMG']",22.0,0.872,172.0,1
6,G:HGNC:9381,G:HGNC:1985,"['GPdPG', 'GMG']",26.0,0.852,176.0,1
30,G:HGNC:9381,G:HGNC:1985,"['GPdPG', 'GTG', 'GMG', 'GMDMG', 'GMDpDMG']",28.0,0.836,171.0,1
25,G:HGNC:9381,G:HGNC:1985,"['GPdPG', 'GTG', 'GMG', 'GMDMG']",32.0,0.83,188.0,1
7,G:HGNC:9381,G:HGNC:1985,"['GPdPG', 'GMDMG']",43.0,0.894,406.0,1
26,G:HGNC:9381,G:HGNC:1985,"['GPdPG', 'GTG', 'GMG', 'GMDpDMG']",43.0,0.749,171.0,1
15,G:HGNC:9381,G:HGNC:1985,"['GPdPG', 'GTG', 'GMG']",53.0,0.723,191.0,1
20,G:HGNC:9381,G:HGNC:1985,"['GPdPG', 'GMDMG', 'GMDpDMG']",60.0,0.842,380.0,1
27,G:HGNC:9381,G:HGNC:1985,"['GPdPG', 'GTG', 'GMDMG', 'GMDpDMG']",77.0,0.799,384.0,1
8,G:HGNC:9381,G:HGNC:1985,"['GPdPG', 'GMDpDMG']",98.0,0.722,353.0,1
16,G:HGNC:9381,G:HGNC:1985,"['GPdPG', 'GTG', 'GMDMG']",109.0,0.745,427.0,1
17,G:HGNC:9381,G:HGNC:1985,"['GPdPG', 'GTG', 'GMDpDMG']",136.0,0.645,383.0,1
5,G:HGNC:9381,G:HGNC:1985,"['GPdPG', 'GTG']",178.0,0.549,395.0,1
2,G:HGNC:9381,G:HGNC:1985,['GMG'],226.0,0.782,1039.0,1
1,G:HGNC:9381,G:HGNC:1985,['GTG'],227.0,0.609,580.0,1
21,G:HGNC:9381,G:HGNC:1985,"['GTG', 'GMG', 'GMDMG']",265.0,0.962,6895.0,1
29,G:HGNC:9381,G:HGNC:1985,"['GTG', 'GMG', 'GMDMG', 'GMDpDMG']",337.0,0.948,6437.0,1
9,G:HGNC:9381,G:HGNC:1985,"['GTG', 'GMG']",339.0,0.923,4382.0,1
12,G:HGNC:9381,G:HGNC:1985,"['GMG', 'GMDMG']",348.0,0.953,7343.0,1
22,G:HGNC:9381,G:HGNC:1985,"['GTG', 'GMG', 'GMDpDMG']",384.0,0.94,6423.0,1
24,G:HGNC:9381,G:HGNC:1985,"['GMG', 'GMDMG', 'GMDpDMG']",470.0,0.934,7141.0,1
13,G:HGNC:9381,G:HGNC:1985,"['GMG', 'GMDpDMG']",514.0,0.925,6898.0,1
3,G:HGNC:9381,G:HGNC:1985,['GMDMG'],728.0,0.85,4851.0,1
10,G:HGNC:9381,G:HGNC:1985,"['GTG', 'GMDMG']",1436.0,0.9,14362.0,1
23,G:HGNC:9381,G:HGNC:1985,"['GTG', 'GMDMG', 'GMDpDMG']",2097.0,0.861,15114.0,1
11,G:HGNC:9381,G:HGNC:1985,"['GTG', 'GMDpDMG']",2805.0,0.789,13323.0,1
14,G:HGNC:9381,G:HGNC:1985,"['GMDMG', 'GMDpDMG']",4013.0,0.69,12926.0,1
4,G:HGNC:9381,G:HGNC:1985,['GMDpDMG'],4191.0,0.382,6782.0,1
,gene1,gene2,meta_path,meta_path_rank,rank_percent,total_rank,label
0,G:HGNC:393,G:HGNC:30045,['GTG'],53.0,0.905,558.0,1
5,G:HGNC:393,G:HGNC:30045,"['GTG', 'GMDMG']",69.0,0.995,14370.0,1
6,G:HGNC:393,G:HGNC:30045,"['GTG', 'GMDpDMG']",79.0,0.994,13315.0,1
12,G:HGNC:393,G:HGNC:30045,"['GTG', 'GMDMG', 'GMDpDMG']",206.0,0.986,14894.0,1
1,G:HGNC:393,G:HGNC:30045,['GMG'],1390.0,0.101,1547.0,1
10,G:HGNC:393,G:HGNC:30045,"['GTG', 'GMG', 'GMDMG']",1904.0,0.822,10684.0,1
2,G:HGNC:393,G:HGNC:30045,['GMDMG'],1919.0,0.639,5319.0,1
11,G:HGNC:393,G:HGNC:30045,"['GTG', 'GMG', 'GMDpDMG']",1970.0,0.804,10031.0,1
14,G:HGNC:393,G:HGNC:30045,"['GTG', 'GMG', 'GMDMG', 'GMDpDMG']",2036.0,0.798,10099.0,1
4,G:HGNC:393,G:HGNC:30045,"['GTG', 'GMG']",2054.0,0.675,6326.0,1
3,G:HGNC:393,G:HGNC:30045,['GMDpDMG'],2695.0,0.632,7331.0,1
9,G:HGNC:393,G:HGNC:30045,"['GMDMG', 'GMDpDMG']",3631.0,0.725,13182.0,1
13,G:HGNC:393,G:HGNC:30045,"['GMG', 'GMDMG', 'GMDpDMG']",5463.0,0.524,11466.0,1
8,G:HGNC:393,G:HGNC:30045,"['GMG', 'GMDpDMG']",6296.0,0.421,10883.0,1
7,G:HGNC:393,G:HGNC:30045,"['GMG', 'GMDMG']",6332.0,0.457,11662.0,1
,gene1,gene2,meta_path,meta_path_rank,rank_percent,total_rank,label
0,G:HGNC:6863,G:HGNC:8591,['GPdPG'],1.0,0.963,27.0,1
2,G:HGNC:6863,G:HGNC:8591,"['GPdPG', 'GTG']",34.0,0.917,408.0,1
1,G:HGNC:6863,G:HGNC:8591,['GTG'],44.0,0.937,697.0,1
,gene1,gene2,meta_path,meta_path_rank,rank_percent,total_rank,label
0,G:HGNC:2460,G:HGNC:30045,['GTG'],137.0,0.79,653.0,1
,gene1,gene2,meta_path,meta_path_rank,rank_percent,total_rank,label
0,G:HGNC:10251,G:HGNC:11408,['GTG'],261.0,0.705,885.0,1
3,G:HGNC:10251,G:HGNC:11408,"['GTG', 'GMDMG']",1227.0,0.908,13269.0,1
4,G:HGNC:10251,G:HGNC:11408,"['GTG', 'GMDpDMG']",2276.0,0.817,12462.0,1
1,G:HGNC:10251,G:HGNC:11408,['GMDMG'],3072.0,0.234,4011.0,1
2,G:HGNC:10251,G:HGNC:11408,['GMDpDMG'],4667.0,0.218,5969.0,1
6,G:HGNC:10251,G:HGNC:11408,"['GTG', 'GMDMG', 'GMDpDMG']",5609.0,0.623,14884.0,1
5,G:HGNC:10251,G:HGNC:11408,"['GMDMG', 'GMDpDMG']",10009.0,0.204,12577.0,1
,gene1,gene2,meta_path,meta_path_rank,rank_percent,total_rank,label
0,G:HGNC:393,G:HGNC:11408,['GTG'],90.0,0.876,725.0,1
3,G:HGNC:393,G:HGNC:11408,"['GTG', 'GMDMG']",110.0,0.992,13976.0,1
4,G:HGNC:393,G:HGNC:11408,"['GTG', 'GMDpDMG']",127.0,0.99,13289.0,1
6,G:HGNC:393,G:HGNC:11408,"['GTG', 'GMDMG', 'GMDpDMG']",174.0,0.988,14961.0,1
2,G:HGNC:393,G:HGNC:11408,['GMDpDMG'],1698.0,0.753,6872.0,1
1,G:HGNC:393,G:HGNC:11408,['GMDMG'],1981.0,0.567,4570.0,1
5,G:HGNC:393,G:HGNC:11408,"['GMDMG', 'GMDpDMG']",2487.0,0.811,13164.0,1
,gene1,gene2,meta_path,meta_path_rank,rank_percent,total_rank,label
0,G:HGNC:9276,G:HGNC:9288,['GTG'],159.0,0.575,374.0,1
1,G:HGNC:9276,G:HGNC:9288,['GMDMG'],3896.0,0.041,4062.0,1
2,G:HGNC:9276,G:HGNC:9288,['GMDpDMG'],5528.0,0.034,5724.0,1
3,G:HGNC:9276,G:HGNC:9288,"['GTG', 'GMDMG']",7004.0,0.091,7707.0,1
4,G:HGNC:9276,G:HGNC:9288,"['GTG', 'GMDpDMG']",8081.0,0.109,9072.0,1
6,G:HGNC:9276,G:HGNC:9288,"['GTG', 'GMDMG', 'GMDpDMG']",10943.0,0.025,11222.0,1
5,G:HGNC:9276,G:HGNC:9288,"['GMDMG', 'GMDpDMG']",11454.0,0.011,11576.0,1
,gene1,gene2,meta_path,meta_path_rank,rank_percent,total_rank,label
0,G:HGNC:8592,G:HGNC:6874,['GTG'],148.0,0.759,613.0,1
,gene1,gene2,meta_path,meta_path_rank,rank_percent,total_rank,label
0,G:HGNC:9031,G:HGNC:9038,['GTG'],4.0,0.991,424.0,1
,gene1,gene2,meta_path,meta_path_rank,rank_percent,total_rank,label
0,G:HGNC:20785,G:HGNC:19388,['GTG'],88.0,0.753,356.0,1
,gene1,gene2,meta_path,meta_path_rank,rank_percent,total_rank,label
0,G:HGNC:9381,G:HGNC:9407,['GPdPG'],2.0,0.947,38.0,1
2,G:HGNC:9381,G:HGNC:9407,"['GPdPG', 'GTG']",118.0,0.69,381.0,1
1,G:HGNC:9381,G:HGNC:9407,['GTG'],177.0,0.732,661.0,1
,gene1,gene2,meta_path,meta_path_rank,rank_percent,total_rank,label
0,G:HGNC:2460,G:HGNC:9407,['GTG'],183.0,0.736,693.0,1
,gene1,gene2,meta_path,meta_path_rank,rank_percent,total_rank,label
0,G:HGNC:2285,G:HGNC:2267,['GPdPG'],1.0,0.909,11.0,1
2,G:HGNC:2285,G:HGNC:2267,"['GPdPG', 'GTG']",8.0,0.724,29.0,1
1,G:HGNC:2285,G:HGNC:2267,['GTG'],11.0,0.953,234.0,1
,gene1,gene2,meta_path,meta_path_rank,rank_percent,total_rank,label
0,G:HGNC:9402,G:HGNC:11399,['GPdPG'],3.0,0.932,44.0,1
2,G:HGNC:9402,G:HGNC:11399,"['GPdPG', 'GTG']",185.0,0.534,397.0,1
1,G:HGNC:9402,G:HGNC:11399,['GTG'],201.0,0.637,553.0,1
,gene1,gene2,meta_path,meta_path_rank,rank_percent,total_rank,label
0,G:HGNC:16502,G:HGNC:16083,['GTG'],3.0,0.985,197.0,1
2,G:HGNC:16502,G:HGNC:16083,"['GTG', 'GMDMG']",507.0,0.833,3033.0,1
1,G:HGNC:16502,G:HGNC:16083,['GMDMG'],2184.0,0.224,2813.0,1
,gene1,gene2,meta_path,meta_path_rank,rank_percent,total_rank,label
2,G:HGNC:19875,G:HGNC:4124,"['GTG', 'GMG']",1.0,0.999,1841.0,1
0,G:HGNC:19875,G:HGNC:4124,['GTG'],20.0,0.942,347.0,1
1,G:HGNC:19875,G:HGNC:4124,['GMG'],57.0,0.891,523.0,1
,gene1,gene2,meta_path,meta_path_rank,rank_percent,total_rank,label
0,G:HGNC:17825,G:HGNC:30038,['GTG'],23.0,0.944,409.0,1
,gene1,gene2,meta_path,meta_path_rank,rank_percent,total_rank,label
0,G:HGNC:2265,G:HGNC:2294,['GPdPG'],1.0,0.909,11.0,1
4,G:HGNC:2265,G:HGNC:2294,"['GPdPG', 'GTG']",4.0,0.9,40.0,1
1,G:HGNC:2265,G:HGNC:2294,['GTG'],5.0,0.985,344.0,1
11,G:HGNC:2265,G:HGNC:2294,"['GPdPG', 'GTG', 'GMDpDMG']",11.0,0.577,26.0,1
10,G:HGNC:2265,G:HGNC:2294,"['GPdPG', 'GTG', 'GMDMG']",12.0,0.556,27.0,1
14,G:HGNC:2265,G:HGNC:2294,"['GPdPG', 'GTG', 'GMDMG', 'GMDpDMG']",14.0,0.462,26.0,1
6,G:HGNC:2265,G:HGNC:2294,"['GPdPG', 'GMDpDMG']",18.0,0.357,28.0,1
5,G:HGNC:2265,G:HGNC:2294,"['GPdPG', 'GMDMG']",20.0,0.31,29.0,1
12,G:HGNC:2265,G:HGNC:2294,"['GPdPG', 'GMDMG', 'GMDpDMG']",23.0,0.179,28.0,1
7,G:HGNC:2265,G:HGNC:2294,"['GTG', 'GMDMG']",923.0,0.881,7729.0,1
2,G:HGNC:2265,G:HGNC:2294,['GMDMG'],2225.0,0.037,2310.0,1
8,G:HGNC:2265,G:HGNC:2294,"['GTG', 'GMDpDMG']",3465.0,0.625,9228.0,1
3,G:HGNC:2265,G:HGNC:2294,['GMDpDMG'],4328.0,0.08,4702.0,1
13,G:HGNC:2265,G:HGNC:2294,"['GTG', 'GMDMG', 'GMDpDMG']",7283.0,0.41,12345.0,1
9,G:HGNC:2265,G:HGNC:2294,"['GMDMG', 'GMDpDMG']",10918.0,0.041,11389.0,1
,gene1,gene2,meta_path,meta_path_rank,rank_percent,total_rank,label
0,G:HGNC:4123,G:HGNC:23242,['GTG'],13.0,0.959,319.0,1
4,G:HGNC:4123,G:HGNC:23242,"['GTG', 'GMG']",92.0,0.937,1461.0,1
1,G:HGNC:4123,G:HGNC:23242,['GMG'],502.0,0.303,720.0,1
11,G:HGNC:4123,G:HGNC:23242,"['GTG', 'GMG', 'GMDpDMG']",907.0,0.529,1926.0,1
6,G:HGNC:4123,G:HGNC:23242,"['GTG', 'GMDpDMG']",1534.0,0.697,5057.0,1
14,G:HGNC:4123,G:HGNC:23242,"['GTG', 'GMG', 'GMDMG', 'GMDpDMG']",1745.0,0.086,1909.0,1
10,G:HGNC:4123,G:HGNC:23242,"['GTG', 'GMG', 'GMDMG']",1794.0,0.131,2064.0,1
2,G:HGNC:4123,G:HGNC:23242,['GMDMG'],3454.0,0.031,3566.0,1
5,G:HGNC:4123,G:HGNC:23242,"['GTG', 'GMDMG']",3757.0,0.256,5049.0,1
8,G:HGNC:4123,G:HGNC:23242,"['GMG', 'GMDpDMG']",4057.0,0.094,4477.0,1
7,G:HGNC:4123,G:HGNC:23242,"['GMG', 'GMDMG']",4614.0,0.03,4758.0,1
13,G:HGNC:4123,G:HGNC:23242,"['GMG', 'GMDMG', 'GMDpDMG']",4623.0,0.017,4701.0,1
3,G:HGNC:4123,G:HGNC:23242,['GMDpDMG'],4679.0,0.05,4927.0,1
12,G:HGNC:4123,G:HGNC:23242,"['GTG', 'GMDMG', 'GMDpDMG']",5084.0,0.124,5806.0,1
9,G:HGNC:4123,G:HGNC:23242,"['GMDMG', 'GMDpDMG']",11061.0,0.01,11168.0,1
,gene1,gene2,meta_path,meta_path_rank,rank_percent,total_rank,label
0,G:HGNC:19086,G:HGNC:14068,['GPdPG'],1.0,0.857,7.0,1
2,G:HGNC:19086,G:HGNC:14068,"['GPdPG', 'GTG']",3.0,0.833,18.0,1
1,G:HGNC:19086,G:HGNC:14068,['GTG'],15.0,0.976,616.0,1
,gene1,gene2,meta_path,meta_path_rank,rank_percent,total_rank,label
0,G:HGNC:32249,G:HGNC:23241,['GMDMG'],2702.0,0.221,3467.0,0
1,G:HGNC:32249,G:HGNC:23241,['GMDpDMG'],3828.0,0.288,5377.0,0
2,G:HGNC:32249,G:HGNC:23241,"['GMDMG', 'GMDpDMG']",8769.0,0.234,11454.0,0
,gene1,gene2,meta_path,meta_path_rank,rank_percent,total_rank,label
0,G:HGNC:24522,G:HGNC:19165,['GTG'],52.0,0.786,243.0,0
1,G:HGNC:24522,G:HGNC:19165,['GMG'],117.0,0.721,420.0,0
4,G:HGNC:24522,G:HGNC:19165,"['GTG', 'GMG']",222.0,0.839,1380.0,0
11,G:HGNC:24522,G:HGNC:19165,"['GTG', 'GMG', 'GMDpDMG']",394.0,0.837,2416.0,0
10,G:HGNC:24522,G:HGNC:19165,"['GTG', 'GMG', 'GMDMG']",411.0,0.832,2450.0,0
14,G:HGNC:24522,G:HGNC:19165,"['GTG', 'GMG', 'GMDMG', 'GMDpDMG']",533.0,0.782,2444.0,0
5,G:HGNC:24522,G:HGNC:19165,"['GTG', 'GMDMG']",923.0,0.856,6407.0,0
8,G:HGNC:24522,G:HGNC:19165,"['GMG', 'GMDpDMG']",999.0,0.785,4644.0,0
6,G:HGNC:24522,G:HGNC:19165,"['GTG', 'GMDpDMG']",1123.0,0.814,6042.0,0
7,G:HGNC:24522,G:HGNC:19165,"['GMG', 'GMDMG']",1300.0,0.728,4784.0,0
13,G:HGNC:24522,G:HGNC:19165,"['GMG', 'GMDMG', 'GMDpDMG']",1778.0,0.644,4992.0,0
12,G:HGNC:24522,G:HGNC:19165,"['GTG', 'GMDMG', 'GMDpDMG']",2072.0,0.718,7339.0,0
2,G:HGNC:24522,G:HGNC:19165,['GMDMG'],3071.0,0.323,4533.0,0
3,G:HGNC:24522,G:HGNC:19165,['GMDpDMG'],3688.0,0.367,5825.0,0
9,G:HGNC:24522,G:HGNC:19165,"['GMDMG', 'GMDpDMG']",7950.0,0.374,12701.0,0
,gene1,gene2,meta_path,meta_path_rank,rank_percent,total_rank,label
0,G:HGNC:20530,G:HGNC:7656,['GTG'],151.0,0.598,376.0,0
1,G:HGNC:20530,G:HGNC:7656,['GMDMG'],1788.0,0.309,2589.0,0
2,G:HGNC:20530,G:HGNC:7656,"['GTG', 'GMDMG']",5315.0,0.265,7233.0,0
,gene1,gene2,meta_path,meta_path_rank,rank_percent,total_rank,label
0,G:HGNC:21263,G:HGNC:8522,['GMDMG'],822.0,0.58,1958.0,0
,gene1,gene2,meta_path,meta_path_rank,rank_percent,total_rank,label
0,G:HGNC:13944,G:HGNC:1455,['GTG'],464.0,0.331,694.0,0
,gene1,gene2,meta_path,meta_path_rank,rank_percent,total_rank,label
0,G:HGNC:22923,G:HGNC:24311,['GTG'],153.0,0.616,398.0,0
,gene1,gene2,meta_path,meta_path_rank,rank_percent,total_rank,label
0,G:HGNC:841,G:HGNC:18412,['GTG'],105.0,0.717,371.0,0
,gene1,gene2,meta_path,meta_path_rank,rank_percent,total_rank,label
0,G:HGNC:25883,G:HGNC:23761,['GMDMG'],3242.0,0.181,3957.0,0
,gene1,gene2,meta_path,meta_path_rank,rank_percent,total_rank,label
1,G:HGNC:21245,G:HGNC:10927,['GMDpDMG'],106.0,0.973,3980.0,0
2,G:HGNC:21245,G:HGNC:10927,"['GMDMG', 'GMDpDMG']",1287.0,0.889,11597.0,0
0,G:HGNC:21245,G:HGNC:10927,['GMDMG'],1407.0,0.521,2936.0,0
,gene1,gene2,meta_path,meta_path_rank,rank_percent,total_rank,label
0,G:HGNC:25088,G:HGNC:14509,['GTG'],198.0,0.511,405.0,0
2,G:HGNC:25088,G:HGNC:14509,['GMDpDMG'],1241.0,0.738,4732.0,0
1,G:HGNC:25088,G:HGNC:14509,['GMDMG'],1285.0,0.546,2831.0,0
5,G:HGNC:25088,G:HGNC:14509,"['GMDMG', 'GMDpDMG']",3816.0,0.689,12276.0,0
4,G:HGNC:25088,G:HGNC:14509,"['GTG', 'GMDpDMG']",4316.0,0.535,9291.0,0
3,G:HGNC:25088,G:HGNC:14509,"['GTG', 'GMDMG']",4730.0,0.441,8457.0,0
6,G:HGNC:25088,G:HGNC:14509,"['GTG', 'GMDMG', 'GMDpDMG']",4811.0,0.602,12088.0,0
,gene1,gene2,meta_path,meta_path_rank,rank_percent,total_rank,label
0,G:HGNC:1291,G:HGNC:4757,['GTG'],133.0,0.691,431.0,0
,gene1,gene2,meta_path,meta_path_rank,rank_percent,total_rank,label
0,G:HGNC:6211,G:HGNC:24634,['GTG'],107.0,0.749,427.0,0
,gene1,gene2,meta_path,meta_path_rank,rank_percent,total_rank,label
1,G:HGNC:20898,G:HGNC:28994,['GMDMG'],782.0,0.88,6512.0,0
0,G:HGNC:20898,G:HGNC:28994,['GMG'],1316.0,0.226,1701.0,0
3,G:HGNC:20898,G:HGNC:28994,"['GMG', 'GMDMG']",2962.0,0.76,12347.0,0
6,G:HGNC:20898,G:HGNC:28994,"['GMG', 'GMDMG', 'GMDpDMG']",3001.0,0.745,11753.0,0
5,G:HGNC:20898,G:HGNC:28994,"['GMDMG', 'GMDpDMG']",3676.0,0.723,13252.0,0
4,G:HGNC:20898,G:HGNC:28994,"['GMG', 'GMDpDMG']",4172.0,0.628,11229.0,0
2,G:HGNC:20898,G:HGNC:28994,['GMDpDMG'],5213.0,0.277,7214.0,0
,gene1,gene2,meta_path,meta_path_rank,rank_percent,total_rank,label
0,G:HGNC:5526,G:HGNC:32793,['GTG'],153.0,0.594,377.0,0
,gene1,gene2,meta_path,meta_path_rank,rank_percent,total_rank,label
0,G:HGNC:1112,G:HGNC:33737,['GMDMG'],1703.0,0.391,2797.0,0
1,G:HGNC:1112,G:HGNC:33737,['GMDpDMG'],2678.0,0.439,4773.0,0
2,G:HGNC:1112,G:HGNC:33737,"['GMDMG', 'GMDpDMG']",6595.0,0.465,12325.0,0
,gene1,gene2,meta_path,meta_path_rank,rank_percent,total_rank,label
0,G:HGNC:24319,G:HGNC:32574,['GMDMG'],780.0,0.672,2377.0,0
,gene1,gene2,meta_path,meta_path_rank,rank_percent,total_rank,label
0,G:HGNC:7622,G:HGNC:1717,['GTG'],221.0,0.603,556.0,0
,gene1,gene2,meta_path,meta_path_rank,rank_percent,total_rank,label
0,G:HGNC:19431,G:HGNC:16155,['GMG'],936.0,0.109,1050.0,0
2,G:HGNC:19431,G:HGNC:16155,['GMDpDMG'],1765.0,0.657,5153.0,0
1,G:HGNC:19431,G:HGNC:16155,['GMDMG'],2094.0,0.322,3089.0,0
4,G:HGNC:19431,G:HGNC:16155,"['GMG', 'GMDpDMG']",3924.0,0.375,6281.0,0
6,G:HGNC:19431,G:HGNC:16155,"['GMG', 'GMDMG', 'GMDpDMG']",4566.0,0.305,6566.0,0
3,G:HGNC:19431,G:HGNC:16155,"['GMG', 'GMDMG']",5669.0,0.112,6383.0,0
5,G:HGNC:19431,G:HGNC:16155,"['GMDMG', 'GMDpDMG']",5815.0,0.522,12178.0,0
,gene1,gene2,meta_path,meta_path_rank,rank_percent,total_rank,label
0,G:HGNC:18069,G:HGNC:14335,['GTG'],390.0,0.235,510.0,0
,gene1,gene2,meta_path,meta_path_rank,rank_percent,total_rank,label
1,G:HGNC:19696,G:HGNC:1874,['GMG'],25.0,0.918,305.0,0
2,G:HGNC:19696,G:HGNC:1874,['GMDMG'],31.0,0.989,2697.0,0
7,G:HGNC:19696,G:HGNC:1874,"['GMG', 'GMDMG']",167.0,0.954,3593.0,0
0,G:HGNC:19696,G:HGNC:1874,['GTG'],408.0,0.218,522.0,0
4,G:HGNC:19696,G:HGNC:1874,"['GTG', 'GMG']",728.0,0.601,1823.0,0
10,G:HGNC:19696,G:HGNC:1874,"['GTG', 'GMG', 'GMDMG']",1021.0,0.682,3214.0,0
13,G:HGNC:19696,G:HGNC:1874,"['GMG', 'GMDMG', 'GMDpDMG']",1739.0,0.571,4057.0,0
8,G:HGNC:19696,G:HGNC:1874,"['GMG', 'GMDpDMG']",2154.0,0.379,3466.0,0
14,G:HGNC:19696,G:HGNC:1874,"['GTG', 'GMG', 'GMDMG', 'GMDpDMG']",2213.0,0.289,3113.0,0
11,G:HGNC:19696,G:HGNC:1874,"['GTG', 'GMG', 'GMDpDMG']",2595.0,0.149,3050.0,0
5,G:HGNC:19696,G:HGNC:1874,"['GTG', 'GMDMG']",4380.0,0.421,7561.0,0
3,G:HGNC:19696,G:HGNC:1874,['GMDpDMG'],4439.0,0.024,4550.0,0
9,G:HGNC:19696,G:HGNC:1874,"['GMDMG', 'GMDpDMG']",8300.0,0.254,11129.0,0
6,G:HGNC:19696,G:HGNC:1874,"['GTG', 'GMDpDMG']",8321.0,0.014,8440.0,0
12,G:HGNC:19696,G:HGNC:1874,"['GTG', 'GMDMG', 'GMDpDMG']",9808.0,0.1,10903.0,0
,gene1,gene2,meta_path,meta_path_rank,rank_percent,total_rank,label
0,G:HGNC:5457,G:HGNC:30293,['GMDMG'],3041.0,0.176,3689.0,0
1,G:HGNC:5457,G:HGNC:30293,['GMDpDMG'],3920.0,0.222,5040.0,0
2,G:HGNC:5457,G:HGNC:30293,"['GMDMG', 'GMDpDMG']",9841.0,0.164,11770.0,0
,gene1,gene2,meta_path,meta_path_rank,rank_percent,total_rank,label
0,G:HGNC:19419,G:HGNC:7898,['GTG'],125.0,0.603,315.0,0
,gene1,gene2,meta_path,meta_path_rank,rank_percent,total_rank,label
0,G:HGNC:25648,G:HGNC:13347,['GTG'],125.0,0.654,361.0,0
,gene1,gene2,meta_path,meta_path_rank,rank_percent,total_rank,label
0,G:HGNC:9182,G:HGNC:17679,['GTG'],285.0,0.348,437.0,0
,gene1,gene2,meta_path,meta_path_rank,rank_percent,total_rank,label
0,G:HGNC:10847,G:HGNC:11914,['GTG'],184.0,0.535,396.0,0
,gene1,gene2,meta_path,meta_path_rank,rank_percent,total_rank,label
0,G:HGNC:26714,G:HGNC:26272,['GTG'],97.0,0.709,333.0,0
,gene1,gene2,meta_path,meta_path_rank,rank_percent,total_rank,label
0,G:HGNC:29219,G:HGNC:21024,['GTG'],120.0,0.719,427.0,0
,gene1,gene2,meta_path,meta_path_rank,rank_percent,total_rank,label
0,G:HGNC:377,G:HGNC:962,['GTG'],98.0,0.735,370.0,0
1,G:HGNC:377,G:HGNC:962,['GMG'],1044.0,0.086,1142.0,0
4,G:HGNC:377,G:HGNC:962,"['GTG', 'GMG']",3569.0,0.212,4531.0,0
2,G:HGNC:377,G:HGNC:962,['GMDMG'],3755.0,0.327,5582.0,0
3,G:HGNC:377,G:HGNC:962,['GMDpDMG'],4274.0,0.359,6663.0,0
6,G:HGNC:377,G:HGNC:962,"['GTG', 'GMDpDMG']",4788.0,0.585,11539.0,0
14,G:HGNC:377,G:HGNC:962,"['GTG', 'GMG', 'GMDMG', 'GMDpDMG']",4927.0,0.313,7168.0,0
11,G:HGNC:377,G:HGNC:962,"['GTG', 'GMG', 'GMDpDMG']",5093.0,0.283,7101.0,0
5,G:HGNC:377,G:HGNC:962,"['GTG', 'GMDMG']",5326.0,0.584,12811.0,0
10,G:HGNC:377,G:HGNC:962,"['GTG', 'GMG', 'GMDMG']",5334.0,0.308,7707.0,0
13,G:HGNC:377,G:HGNC:962,"['GMG', 'GMDMG', 'GMDpDMG']",6120.0,0.285,8559.0,0
8,G:HGNC:377,G:HGNC:962,"['GMG', 'GMDpDMG']",6407.0,0.208,8090.0,0
7,G:HGNC:377,G:HGNC:962,"['GMG', 'GMDMG']",6655.0,0.255,8934.0,0
12,G:HGNC:377,G:HGNC:962,"['GTG', 'GMDMG', 'GMDpDMG']",7284.0,0.471,13758.0,0
9,G:HGNC:377,G:HGNC:962,"['GMDMG', 'GMDpDMG']",8344.0,0.362,13072.0,0
,gene1,gene2,meta_path,meta_path_rank,rank_percent,total_rank,label
0,G:HGNC:17257,G:HGNC:5424,['GMG'],6.0,0.974,235.0,0
,gene1,gene2,meta_path,meta_path_rank,rank_percent,total_rank,label
0,G:HGNC:20790,G:HGNC:25724,['GTG'],99.0,0.673,303.0,0
,gene1,gene2,meta_path,meta_path_rank,rank_percent,total_rank,label
1,G:HGNC:28749,G:HGNC:20040,['GMDpDMG'],3071.0,0.362,4810.0,0
0,G:HGNC:28749,G:HGNC:20040,['GMDMG'],3393.0,0.212,4304.0,0
2,G:HGNC:28749,G:HGNC:20040,"['GMDMG', 'GMDpDMG']",8954.0,0.248,11908.0,0
,gene1,gene2,meta_path,meta_path_rank,rank_percent,total_rank,label
0,G:HGNC:44,G:HGNC:16836,['GTG'],172.0,0.589,418.0,0
,gene1,gene2,meta_path,meta_path_rank,rank_percent,total_rank,label
0,G:HGNC:636,G:HGNC:10430,['GTG'],417.0,0.213,530.0,0
1,G:HGNC:636,G:HGNC:10430,['GMDMG'],2402.0,0.231,3122.0,0
2,G:HGNC:636,G:HGNC:10430,"['GTG', 'GMDMG']",7875.0,0.101,8764.0,0
,gene1,gene2,meta_path,meta_path_rank,rank_percent,total_rank,label
0,G:HGNC:21605,G:HGNC:23293,['GTG'],88.0,0.816,479.0,0
,gene1,gene2,meta_path,meta_path_rank,rank_percent,total_rank,label
0,G:HGNC:7996,G:HGNC:23927,['GTG'],257.0,0.631,696.0,0
,gene1,gene2,meta_path,meta_path_rank,rank_percent,total_rank,label
0,G:HGNC:12336,G:HGNC:28185,['GTG'],41.0,0.895,390.0,0
,gene1,gene2,meta_path,meta_path_rank,rank_percent,total_rank,label
0,G:HGNC:9498,G:HGNC:26877,['GDpDG'],434.0,0.149,510.0,0
3,G:HGNC:9498,G:HGNC:26877,['GMDpDMG'],915.0,0.802,4629.0,0
8,G:HGNC:9498,G:HGNC:26877,"['GDpDpDG', 'GMDpDMG']",993.0,0.725,3608.0,0
6,G:HGNC:9498,G:HGNC:26877,"['GDpDG', 'GMDpDMG']",1280.0,0.24,1685.0,0
11,G:HGNC:9498,G:HGNC:26877,"['GDpDG', 'GDpDpDG', 'GMDpDMG']",1284.0,0.266,1749.0,0
12,G:HGNC:9498,G:HGNC:26877,"['GDpDG', 'GMDMG', 'GMDpDMG']",1338.0,0.232,1742.0,0
14,G:HGNC:9498,G:HGNC:26877,"['GDpDG', 'GDpDpDG', 'GMDMG', 'GMDpDMG']",1349.0,0.228,1747.0,0
13,G:HGNC:9498,G:HGNC:26877,"['GDpDpDG', 'GMDMG', 'GMDpDMG']",1412.0,0.608,3604.0,0
1,G:HGNC:9498,G:HGNC:26877,['GDpDpDG'],1425.0,0.756,5835.0,0
7,G:HGNC:9498,G:HGNC:26877,"['GDpDpDG', 'GMDMG']",1525.0,0.635,4176.0,0
10,G:HGNC:9498,G:HGNC:26877,"['GDpDG', 'GDpDpDG', 'GMDMG']",1587.0,0.208,2005.0,0
5,G:HGNC:9498,G:HGNC:26877,"['GDpDG', 'GMDMG']",1629.0,0.142,1899.0,0
4,G:HGNC:9498,G:HGNC:26877,"['GDpDG', 'GDpDpDG']",1956.0,0.27,2680.0,0
2,G:HGNC:9498,G:HGNC:26877,['GMDMG'],2127.0,0.373,3390.0,0
9,G:HGNC:9498,G:HGNC:26877,"['GMDMG', 'GMDpDMG']",5765.0,0.521,12027.0,0
,gene1,gene2,meta_path,meta_path_rank,rank_percent,total_rank,label
0,G:HGNC:6375,G:HGNC:3043,['GTG'],209.0,0.507,424.0,0
,gene1,gene2,meta_path,meta_path_rank,rank_percent,total_rank,label
0,G:HGNC:11805,G:HGNC:6011,['GTG'],504.0,0.119,572.0,0
,gene1,gene2,meta_path,meta_path_rank,rank_percent,total_rank,label
0,G:HGNC:6807,G:HGNC:11532,['GTG'],89.0,0.724,322.0,0
,gene1,gene2,meta_path,meta_path_rank,rank_percent,total_rank,label
0,G:HGNC:37165,G:HGNC:8568,['GTG'],405.0,0.229,525.0,0
1,G:HGNC:37165,G:HGNC:8568,['GMDMG'],2770.0,0.307,3996.0,0
2,G:HGNC:37165,G:HGNC:8568,['GMDpDMG'],3901.0,0.301,5582.0,0
4,G:HGNC:37165,G:HGNC:8568,"['GTG', 'GMDpDMG']",7621.0,0.117,8634.0,0
3,G:HGNC:37165,G:HGNC:8568,"['GTG', 'GMDMG']",7810.0,0.192,9663.0,0
6,G:HGNC:37165,G:HGNC:8568,"['GTG', 'GMDMG', 'GMDpDMG']",8532.0,0.164,10206.0,0
5,G:HGNC:37165,G:HGNC:8568,"['GMDMG', 'GMDpDMG']",8575.0,0.311,12442.0,0
,gene1,gene2,meta_path,meta_path_rank,rank_percent,total_rank,label
0,G:HGNC:21221,G:HGNC:10492,['GMDMG'],1485.0,0.359,2316.0,0
,gene1,gene2,meta_path,meta_path_rank,rank_percent,total_rank,label
0,G:HGNC:16611,G:HGNC:4199,['GTG'],162.0,0.537,350.0,0
1,G:HGNC:16611,G:HGNC:4199,['GMDMG'],489.0,0.813,2619.0,0
2,G:HGNC:16611,G:HGNC:4199,['GMDpDMG'],2390.0,0.431,4197.0,0
3,G:HGNC:16611,G:HGNC:4199,"['GTG', 'GMDMG']",3254.0,0.554,7289.0,0
5,G:HGNC:16611,G:HGNC:4199,"['GMDMG', 'GMDpDMG']",4881.0,0.57,11345.0,0
4,G:HGNC:16611,G:HGNC:4199,"['GTG', 'GMDpDMG']",4888.0,0.358,7618.0,0
6,G:HGNC:16611,G:HGNC:4199,"['GTG', 'GMDMG', 'GMDpDMG']",5732.0,0.455,10512.0,0
,gene1,gene2,meta_path,meta_path_rank,rank_percent,total_rank,label
0,G:HGNC:21480,G:HGNC:28508,['GTG'],90.0,0.73,333.0,0
,gene1,gene2,meta_path,meta_path_rank,rank_percent,total_rank,label
0,G:HGNC:30076,G:HGNC:37227,['GTG'],107.0,0.682,337.0,0
,gene1,gene2,meta_path,meta_path_rank,rank_percent,total_rank,label
0,G:HGNC:25858,G:HGNC:271,['GTG'],291.0,0.373,464.0,0
1,G:HGNC:25858,G:HGNC:271,['GMDMG'],537.0,0.766,2292.0,0
2,G:HGNC:25858,G:HGNC:271,"['GTG', 'GMDMG']",2834.0,0.551,6311.0,0
,gene1,gene2,meta_path,meta_path_rank,rank_percent,total_rank,label
0,G:HGNC:26643,G:HGNC:23723,['GMG'],993.0,0.175,1204.0,0
1,G:HGNC:26643,G:HGNC:23723,['GMDMG'],3215.0,0.404,5394.0,0
2,G:HGNC:26643,G:HGNC:23723,['GMDpDMG'],3245.0,0.544,7124.0,0
6,G:HGNC:26643,G:HGNC:23723,"['GMG', 'GMDMG', 'GMDpDMG']",3756.0,0.61,9624.0,0
4,G:HGNC:26643,G:HGNC:23723,"['GMG', 'GMDpDMG']",3857.0,0.577,9118.0,0
5,G:HGNC:26643,G:HGNC:23723,"['GMDMG', 'GMDpDMG']",4306.0,0.671,13075.0,0
3,G:HGNC:26643,G:HGNC:23723,"['GMG', 'GMDMG']",4734.0,0.521,9890.0,0
,gene1,gene2,meta_path,meta_path_rank,rank_percent,total_rank,label
0,G:HGNC:25973,G:HGNC:28867,['GTG'],219.0,0.486,426.0,0
,gene1,gene2,meta_path,meta_path_rank,rank_percent,total_rank,label
0,G:HGNC:24709,G:HGNC:18105,['GMDMG'],2113.0,0.255,2837.0,0
,gene1,gene2,meta_path,meta_path_rank,rank_percent,total_rank,label
0,G:HGNC:28155,G:HGNC:28351,['GMDMG'],104.0,0.943,1820.0,0
,gene1,gene2,meta_path,meta_path_rank,rank_percent,total_rank,label
0,G:HGNC:9836,G:HGNC:12032,['GTG'],404.0,0.311,586.0,0
1,G:HGNC:9836,G:HGNC:12032,['GMG'],682.0,0.354,1056.0,0
2,G:HGNC:9836,G:HGNC:12032,"['GTG', 'GMG']",1518.0,0.604,3833.0,0
,gene1,gene2,meta_path,meta_path_rank,rank_percent,total_rank,label
0,G:HGNC:546,G:HGNC:5581,['GTG'],235.0,0.386,383.0,0
,gene1,gene2,meta_path,meta_path_rank,rank_percent,total_rank,label
0,G:HGNC:9320,G:HGNC:26716,['GTG'],61.0,0.782,280.0,0
1,G:HGNC:9320,G:HGNC:26716,['GMG'],719.0,0.191,889.0,0
4,G:HGNC:9320,G:HGNC:26716,"['GTG', 'GMG']",915.0,0.594,2254.0,0
11,G:HGNC:9320,G:HGNC:26716,"['GTG', 'GMG', 'GMDpDMG']",3041.0,0.217,3885.0,0
10,G:HGNC:9320,G:HGNC:26716,"['GTG', 'GMG', 'GMDMG']",3279.0,0.213,4165.0,0
14,G:HGNC:9320,G:HGNC:26716,"['GTG', 'GMG', 'GMDMG', 'GMDpDMG']",3302.0,0.158,3922.0,0
2,G:HGNC:9320,G:HGNC:26716,['GMDMG'],3599.0,0.203,4518.0,0
5,G:HGNC:9320,G:HGNC:26716,"['GTG', 'GMDMG']",3942.0,0.542,8605.0,0
6,G:HGNC:9320,G:HGNC:26716,"['GTG', 'GMDpDMG']",4257.0,0.507,8638.0,0
8,G:HGNC:9320,G:HGNC:26716,"['GMG', 'GMDpDMG']",4622.0,0.149,5431.0,0
13,G:HGNC:9320,G:HGNC:26716,"['GMG', 'GMDMG', 'GMDpDMG']",4922.0,0.137,5706.0,0
7,G:HGNC:9320,G:HGNC:26716,"['GMG', 'GMDMG']",5072.0,0.143,5921.0,0
3,G:HGNC:9320,G:HGNC:26716,['GMDpDMG'],5186.0,0.152,6116.0,0
12,G:HGNC:9320,G:HGNC:26716,"['GTG', 'GMDMG', 'GMDpDMG']",6860.0,0.361,10730.0,0
9,G:HGNC:9320,G:HGNC:26716,"['GMDMG', 'GMDpDMG']",10386.0,0.162,12395.0,0
,gene1,gene2,meta_path,meta_path_rank,rank_percent,total_rank,label
0,G:HGNC:44657,G:HGNC:18015,['GTG'],83.0,0.742,322.0,0
,gene1,gene2,meta_path,meta_path_rank,rank_percent,total_rank,label
1,G:HGNC:22999,G:HGNC:18318,['GMDpDMG'],833.0,0.755,3394.0,0
0,G:HGNC:22999,G:HGNC:18318,['GMDMG'],2188.0,0.313,3186.0,0
2,G:HGNC:22999,G:HGNC:18318,"['GMDMG', 'GMDpDMG']",5931.0,0.267,8096.0,0
,gene1,gene2,meta_path,meta_path_rank,rank_percent,total_rank,label
0,G:HGNC:49981,G:HGNC:32138,['GTG'],62.0,0.69,200.0,0
,gene1,gene2,meta_path,meta_path_rank,rank_percent,total_rank,label
0,G:HGNC:11321,G:HGNC:28412,['GTG'],106.0,0.772,465.0,0
3,G:HGNC:11321,G:HGNC:28412,"['GTG', 'GMDMG']",1741.0,0.821,9748.0,0
1,G:HGNC:11321,G:HGNC:28412,['GMDMG'],2287.0,0.375,3659.0,0
2,G:HGNC:11321,G:HGNC:28412,['GMDpDMG'],3019.0,0.357,4694.0,0
4,G:HGNC:11321,G:HGNC:28412,"['GTG', 'GMDpDMG']",3881.0,0.596,9603.0,0
6,G:HGNC:11321,G:HGNC:28412,"['GTG', 'GMDMG', 'GMDpDMG']",4942.0,0.622,13057.0,0
5,G:HGNC:11321,G:HGNC:28412,"['GMDMG', 'GMDpDMG']",7059.0,0.404,11847.0,0
,gene1,gene2,meta_path,meta_path_rank,rank_percent,total_rank,label
0,G:HGNC:14142,G:HGNC:21637,['GTG'],220.0,0.578,521.0,0
,gene1,gene2,meta_path,meta_path_rank,rank_percent,total_rank,label
0,G:HGNC:25966,G:HGNC:53085,['GTG'],84.0,0.746,331.0,0
,gene1,gene2,meta_path,meta_path_rank,rank_percent,total_rank,label
0,G:HGNC:13261,G:HGNC:29607,['GTG'],315.0,0.321,464.0,0
1,G:HGNC:13261,G:HGNC:29607,['GMDMG'],4141.0,0.084,4519.0,0
2,G:HGNC:13261,G:HGNC:29607,"['GTG', 'GMDMG']",7734.0,0.047,8114.0,0
,gene1,gene2,meta_path,meta_path_rank,rank_percent,total_rank,label
0,G:HGNC:24820,G:HGNC:23526,['GMDMG'],1051.0,0.521,2196.0,0
,gene1,gene2,meta_path,meta_path_rank,rank_percent,total_rank,label
1,G:HGNC:26139,G:HGNC:18631,['GMDpDMG'],682.0,0.844,4363.0,0
0,G:HGNC:26139,G:HGNC:18631,['GMDMG'],1072.0,0.6,2683.0,0
2,G:HGNC:26139,G:HGNC:18631,"['GMDMG', 'GMDpDMG']",3275.0,0.711,11321.0,0
,gene1,gene2,meta_path,meta_path_rank,rank_percent,total_rank,label
0,G:HGNC:5735,G:HGNC:16937,['GTG'],125.0,0.642,349.0,0
,gene1,gene2,meta_path,meta_path_rank,rank_percent,total_rank,label
0,G:HGNC:26552,G:HGNC:19190,['GTG'],78.0,0.736,295.0,0
,gene1,gene2,meta_path,meta_path_rank,rank_percent,total_rank,label
0,G:HGNC:12989,G:HGNC:25782,['GTG'],49.0,0.882,414.0,0
1,G:HGNC:12989,G:HGNC:25782,['GMDMG'],1085.0,0.536,2340.0,0
2,G:HGNC:12989,G:HGNC:25782,"['GTG', 'GMDMG']",1436.0,0.812,7630.0,0
,gene1,gene2,meta_path,meta_path_rank,rank_percent,total_rank,label
0,G:HGNC:24614,G:HGNC:29135,['GMG'],241.0,0.557,544.0,0
,gene1,gene2,meta_path,meta_path_rank,rank_percent,total_rank,label
0,G:HGNC:16133,G:HGNC:9606,['GTG'],363.0,0.219,465.0,0
,gene1,gene2,meta_path,meta_path_rank,rank_percent,total_rank,label
0,G:HGNC:1445,G:HGNC:32370,['GTG'],253.0,0.502,508.0,0
,gene1,gene2,meta_path,meta_path_rank,rank_percent,total_rank,label
0,G:HGNC:28456,G:HGNC:6448,['GTG'],136.0,0.624,362.0,0
,gene1,gene2,meta_path,meta_path_rank,rank_percent,total_rank,label
0,G:HGNC:7103,G:HGNC:2498,['GDpDpDG'],3215.0,0.22,4121.0,0
,gene1,gene2,meta_path,meta_path_rank,rank_percent,total_rank,label
0,G:HGNC:28334,G:HGNC:4913,['GTG'],222.0,0.593,546.0,0
,gene1,gene2,meta_path,meta_path_rank,rank_percent,total_rank,label
1,G:HGNC:9866,G:HGNC:12594,['GMG'],69.0,0.806,355.0,0
0,G:HGNC:9866,G:HGNC:12594,['GTG'],262.0,0.642,731.0,0
4,G:HGNC:9866,G:HGNC:12594,"['GTG', 'GMG']",307.0,0.879,2531.0,0
11,G:HGNC:9866,G:HGNC:12594,"['GTG', 'GMG', 'GMDpDMG']",401.0,0.9,4015.0,0
10,G:HGNC:9866,G:HGNC:12594,"['GTG', 'GMG', 'GMDMG']",491.0,0.894,4623.0,0
14,G:HGNC:9866,G:HGNC:12594,"['GTG', 'GMG', 'GMDMG', 'GMDpDMG']",541.0,0.867,4070.0,0
2,G:HGNC:9866,G:HGNC:12594,['GMDMG'],945.0,0.643,2649.0,0
7,G:HGNC:9866,G:HGNC:12594,"['GMG', 'GMDMG']",1121.0,0.744,4386.0,0
8,G:HGNC:9866,G:HGNC:12594,"['GMG', 'GMDpDMG']",1151.0,0.728,4238.0,0
5,G:HGNC:9866,G:HGNC:12594,"['GTG', 'GMDMG']",1537.0,0.84,9622.0,0
13,G:HGNC:9866,G:HGNC:12594,"['GMG', 'GMDMG', 'GMDpDMG']",1623.0,0.665,4848.0,0
6,G:HGNC:9866,G:HGNC:12594,"['GTG', 'GMDpDMG']",2280.0,0.781,10395.0,0
3,G:HGNC:9866,G:HGNC:12594,['GMDpDMG'],2414.0,0.456,4436.0,0
12,G:HGNC:9866,G:HGNC:12594,"['GTG', 'GMDMG', 'GMDpDMG']",2475.0,0.814,13290.0,0
9,G:HGNC:9866,G:HGNC:12594,"['GMDMG', 'GMDpDMG']",5825.0,0.497,11572.0,0
,gene1,gene2,meta_path,meta_path_rank,rank_percent,total_rank,label
0,G:HGNC:15844,G:HGNC:11827,['GTG'],103.0,0.759,427.0,0
6,G:HGNC:15844,G:HGNC:11827,"['GTG', 'GMDMG', 'GMDpDMG']",917.0,0.933,13723.0,0
4,G:HGNC:15844,G:HGNC:11827,"['GTG', 'GMDpDMG']",920.0,0.918,11282.0,0
2,G:HGNC:15844,G:HGNC:11827,['GMDpDMG'],985.0,0.815,5316.0,0
3,G:HGNC:15844,G:HGNC:11827,"['GTG', 'GMDMG']",1058.0,0.916,12586.0,0
1,G:HGNC:15844,G:HGNC:11827,['GMDMG'],1698.0,0.623,4508.0,0
5,G:HGNC:15844,G:HGNC:11827,"['GMDMG', 'GMDpDMG']",2506.0,0.804,12759.0,0
,gene1,gene2,meta_path,meta_path_rank,rank_percent,total_rank,label
1,G:HGNC:30743,G:HGNC:25845,['GMDpDMG'],200.0,0.943,3492.0,0
0,G:HGNC:30743,G:HGNC:25845,['GMDMG'],788.0,0.697,2599.0,0
2,G:HGNC:30743,G:HGNC:25845,"['GMDMG', 'GMDpDMG']",1477.0,0.831,8724.0,0
,gene1,gene2,meta_path,meta_path_rank,rank_percent,total_rank,label
0,G:HGNC:3778,G:HGNC:11237,['GDpDG'],184.0,0.456,338.0,0
2,G:HGNC:3778,G:HGNC:11237,['GTG'],523.0,0.133,603.0,0
4,G:HGNC:3778,G:HGNC:11237,"['GDpDG', 'GTG']",837.0,0.231,1088.0,0
6,G:HGNC:3778,G:HGNC:11237,"['GDpDG', 'GDpDpDG', 'GTG']",980.0,0.22,1256.0,0
3,G:HGNC:3778,G:HGNC:11237,"['GDpDG', 'GDpDpDG']",1034.0,0.323,1527.0,0
1,G:HGNC:3778,G:HGNC:11237,['GDpDpDG'],2155.0,0.621,5686.0,0
5,G:HGNC:3778,G:HGNC:11237,"['GDpDpDG', 'GTG']",2172.0,0.53,4626.0,0
,gene1,gene2,meta_path,meta_path_rank,rank_percent,total_rank,label
0,G:HGNC:24852,G:HGNC:1685,['GTG'],96.0,0.764,406.0,0
,gene1,gene2,meta_path,meta_path_rank,rank_percent,total_rank,label
1,G:HGNC:914,G:HGNC:4591,['GMG'],82.0,0.912,933.0,0
13,G:HGNC:914,G:HGNC:4591,"['GMG', 'GMDMG', 'GMDpDMG']",95.0,0.985,6165.0,0
8,G:HGNC:914,G:HGNC:4591,"['GMG', 'GMDpDMG']",124.0,0.979,5904.0,0
7,G:HGNC:914,G:HGNC:4591,"['GMG', 'GMDMG']",145.0,0.977,6216.0,0
14,G:HGNC:914,G:HGNC:4591,"['GTG', 'GMG', 'GMDMG', 'GMDpDMG']",517.0,0.895,4930.0,0
2,G:HGNC:914,G:HGNC:4591,['GMDMG'],526.0,0.858,3711.0,0
0,G:HGNC:914,G:HGNC:4591,['GTG'],534.0,0.193,662.0,0
10,G:HGNC:914,G:HGNC:4591,"['GTG', 'GMG', 'GMDMG']",628.0,0.879,5211.0,0
11,G:HGNC:914,G:HGNC:4591,"['GTG', 'GMG', 'GMDpDMG']",695.0,0.859,4917.0,0
4,G:HGNC:914,G:HGNC:4591,"['GTG', 'GMG']",704.0,0.824,4006.0,0
9,G:HGNC:914,G:HGNC:4591,"['GMDMG', 'GMDpDMG']",909.0,0.928,12658.0,0
3,G:HGNC:914,G:HGNC:4591,['GMDpDMG'],1443.0,0.743,5607.0,0
12,G:HGNC:914,G:HGNC:4591,"['GTG', 'GMDMG', 'GMDpDMG']",3417.0,0.75,13683.0,0
5,G:HGNC:914,G:HGNC:4591,"['GTG', 'GMDMG']",5065.0,0.584,12174.0,0
6,G:HGNC:914,G:HGNC:4591,"['GTG', 'GMDpDMG']",5281.0,0.548,11676.0,0
,gene1,gene2,meta_path,meta_path_rank,rank_percent,total_rank,label
0,G:HGNC:11393,G:HGNC:3547,['GTG'],404.0,0.358,629.0,0
,gene1,gene2,meta_path,meta_path_rank,rank_percent,total_rank,label
0,G:HGNC:9658,G:HGNC:7998,['GTG'],508.0,0.246,674.0,0
,gene1,gene2,meta_path,meta_path_rank,rank_percent,total_rank,label
0,G:HGNC:18248,G:HGNC:24097,['GTG'],194.0,0.515,400.0,0
,gene1,gene2,meta_path,meta_path_rank,rank_percent,total_rank,label
0,G:HGNC:9504,G:HGNC:24275,['GTG'],171.0,0.533,366.0,0
,gene1,gene2,meta_path,meta_path_rank,rank_percent,total_rank,label
0,G:HGNC:9920,G:HGNC:26763,['GTG'],69.0,0.756,283.0,0
,gene1,gene2,meta_path,meta_path_rank,rank_percent,total_rank,label
7,G:HGNC:24636,G:HGNC:6137,"['GMG', 'GMDMG']",68.0,0.994,11205.0,0
1,G:HGNC:24636,G:HGNC:6137,['GMG'],126.0,0.924,1657.0,0
13,G:HGNC:24636,G:HGNC:6137,"['GMG', 'GMDMG', 'GMDpDMG']",140.0,0.987,10636.0,0
8,G:HGNC:24636,G:HGNC:6137,"['GMG', 'GMDpDMG']",148.0,0.985,10060.0,0
4,G:HGNC:24636,G:HGNC:6137,"['GTG', 'GMG']",168.0,0.974,6379.0,0
10,G:HGNC:24636,G:HGNC:6137,"['GTG', 'GMG', 'GMDMG']",172.0,0.982,9803.0,0
11,G:HGNC:24636,G:HGNC:6137,"['GTG', 'GMG', 'GMDpDMG']",207.0,0.977,9029.0,0
14,G:HGNC:24636,G:HGNC:6137,"['GTG', 'GMG', 'GMDMG', 'GMDpDMG']",216.0,0.976,9101.0,0
0,G:HGNC:24636,G:HGNC:6137,['GTG'],253.0,0.576,597.0,0
2,G:HGNC:24636,G:HGNC:6137,['GMDMG'],272.0,0.96,6846.0,0
5,G:HGNC:24636,G:HGNC:6137,"['GTG', 'GMDMG']",1312.0,0.911,14703.0,0
12,G:HGNC:24636,G:HGNC:6137,"['GTG', 'GMDMG', 'GMDpDMG']",1318.0,0.908,14296.0,0
9,G:HGNC:24636,G:HGNC:6137,"['GMDMG', 'GMDpDMG']",1347.0,0.898,13161.0,0
6,G:HGNC:24636,G:HGNC:6137,"['GTG', 'GMDpDMG']",2027.0,0.837,12432.0,0
3,G:HGNC:24636,G:HGNC:6137,['GMDpDMG'],2329.0,0.655,6741.0,0
,gene1,gene2,meta_path,meta_path_rank,rank_percent,total_rank,label
0,G:HGNC:21166,G:HGNC:3708,['GTG'],317.0,0.309,459.0,0
,gene1,gene2,meta_path,meta_path_rank,rank_percent,total_rank,label
0,G:HGNC:19616,G:HGNC:24338,['GTG'],98.0,0.677,303.0,0
,gene1,gene2,meta_path,meta_path_rank,rank_percent,total_rank,label
1,G:HGNC:20278,G:HGNC:15482,['GMDpDMG'],170.0,0.966,5005.0,0
0,G:HGNC:20278,G:HGNC:15482,['GMDMG'],1818.0,0.437,3231.0,0
2,G:HGNC:20278,G:HGNC:15482,"['GMDMG', 'GMDpDMG']",3318.0,0.731,12331.0,0
,gene1,gene2,meta_path,meta_path_rank,rank_percent,total_rank,label
0,G:HGNC:13746,G:HGNC:16013,['GMDMG'],2724.0,0.231,3544.0,0
1,G:HGNC:13746,G:HGNC:16013,['GMDpDMG'],4996.0,0.008,5034.0,0
2,G:HGNC:13746,G:HGNC:16013,"['GMDMG', 'GMDpDMG']",11829.0,0.01,11947.0,0
,gene1,gene2,meta_path,meta_path_rank,rank_percent,total_rank,label
0,G:HGNC:25945,G:HGNC:28866,['GMG'],889.0,0.115,1005.0,0
1,G:HGNC:25945,G:HGNC:28866,['GMDMG'],2765.0,0.336,4163.0,0
2,G:HGNC:25945,G:HGNC:28866,['GMDpDMG'],4752.0,0.076,5144.0,0
3,G:HGNC:25945,G:HGNC:28866,"['GMG', 'GMDMG']",6451.0,0.208,8145.0,0
6,G:HGNC:25945,G:HGNC:28866,"['GMG', 'GMDMG', 'GMDpDMG']",6741.0,0.161,8030.0,0
4,G:HGNC:25945,G:HGNC:28866,"['GMG', 'GMDpDMG']",6753.0,0.094,7457.0,0
5,G:HGNC:25945,G:HGNC:28866,"['GMDMG', 'GMDpDMG']",10344.0,0.19,12774.0,0
,gene1,gene2,meta_path,meta_path_rank,rank_percent,total_rank,label
2,G:HGNC:8685,G:HGNC:16863,['GMDMG'],13.0,0.994,2320.0,0
1,G:HGNC:8685,G:HGNC:16863,['GMG'],57.0,0.843,363.0,0
5,G:HGNC:8685,G:HGNC:16863,"['GMG', 'GMDMG']",90.0,0.969,2864.0,0
0,G:HGNC:8685,G:HGNC:16863,['GTG'],237.0,0.473,450.0,0
6,G:HGNC:8685,G:HGNC:16863,"['GTG', 'GMG', 'GMDMG']",475.0,0.846,3085.0,0
4,G:HGNC:8685,G:HGNC:16863,"['GTG', 'GMDMG']",788.0,0.876,6339.0,0
3,G:HGNC:8685,G:HGNC:16863,"['GTG', 'GMG']",850.0,0.568,1968.0,0
,gene1,gene2,meta_path,meta_path_rank,rank_percent,total_rank,label
0,G:HGNC:15143,G:HGNC:12518,['GTG'],86.0,0.713,300.0,0
,gene1,gene2,meta_path,meta_path_rank,rank_percent,total_rank,label
0,G:HGNC:15260,G:HGNC:3618,['GTG'],277.0,0.466,519.0,0
,gene1,gene2,meta_path,meta_path_rank,rank_percent,total_rank,label
0,G:HGNC:26604,G:HGNC:25666,['GTG'],101.0,0.705,342.0,0
,gene1,gene2,meta_path,meta_path_rank,rank_percent,total_rank,label
0,G:HGNC:2370,G:HGNC:8979,['GTG'],385.0,0.467,722.0,0
1,G:HGNC:2370,G:HGNC:8979,['GMDMG'],3472.0,0.187,4268.0,0
2,G:HGNC:2370,G:HGNC:8979,['GMDpDMG'],4187.0,0.253,5603.0,0
3,G:HGNC:2370,G:HGNC:8979,"['GTG', 'GMDMG']",7608.0,0.336,11459.0,0
4,G:HGNC:2370,G:HGNC:8979,"['GTG', 'GMDpDMG']",8369.0,0.257,11263.0,0
5,G:HGNC:2370,G:HGNC:8979,"['GMDMG', 'GMDpDMG']",9808.0,0.189,12090.0,0
6,G:HGNC:2370,G:HGNC:8979,"['GTG', 'GMDMG', 'GMDpDMG']",11148.0,0.195,13855.0,0
,gene1,gene2,meta_path,meta_path_rank,rank_percent,total_rank,label
0,G:HGNC:24965,G:HGNC:29155,['GTG'],149.0,0.606,378.0,0
,gene1,gene2,meta_path,meta_path_rank,rank_percent,total_rank,label
0,G:HGNC:23514,G:HGNC:12632,['GTG'],265.0,0.403,444.0,0
,gene1,gene2,meta_path,meta_path_rank,rank_percent,total_rank,label
1,G:HGNC:2495,G:HGNC:3380,['GMG'],263.0,0.49,516.0,0
0,G:HGNC:2495,G:HGNC:3380,['GTG'],353.0,0.221,453.0,0
4,G:HGNC:2495,G:HGNC:3380,"['GTG', 'GMG']",2189.0,0.235,2863.0,0
2,G:HGNC:2495,G:HGNC:3380,['GMDMG'],2471.0,0.251,3299.0,0
7,G:HGNC:2495,G:HGNC:3380,"['GMG', 'GMDMG']",3197.0,0.51,6525.0,0
8,G:HGNC:2495,G:HGNC:3380,"['GMG', 'GMDpDMG']",4459.0,0.275,6148.0,0
10,G:HGNC:2495,G:HGNC:3380,"['GTG', 'GMG', 'GMDMG']",4483.0,0.24,5896.0,0
14,G:HGNC:2495,G:HGNC:3380,"['GTG', 'GMG', 'GMDMG', 'GMDpDMG']",4550.0,0.179,5545.0,0
3,G:HGNC:2495,G:HGNC:3380,['GMDpDMG'],4594.0,0.151,5410.0,0
13,G:HGNC:2495,G:HGNC:3380,"['GMG', 'GMDMG', 'GMDpDMG']",4758.0,0.303,6826.0,0
11,G:HGNC:2495,G:HGNC:3380,"['GTG', 'GMG', 'GMDpDMG']",4775.0,0.128,5477.0,0
5,G:HGNC:2495,G:HGNC:3380,"['GTG', 'GMDMG']",9331.0,0.176,11321.0,0
6,G:HGNC:2495,G:HGNC:3380,"['GTG', 'GMDpDMG']",10004.0,0.086,10944.0,0
9,G:HGNC:2495,G:HGNC:3380,"['GMDMG', 'GMDpDMG']",10034.0,0.2,12549.0,0
12,G:HGNC:2495,G:HGNC:3380,"['GTG', 'GMDMG', 'GMDpDMG']",11042.0,0.165,13224.0,0
,gene1,gene2,meta_path,meta_path_rank,rank_percent,total_rank,label
0,G:HGNC:28981,G:HGNC:26979,['GTG'],115.0,0.714,402.0,0
1,G:HGNC:28981,G:HGNC:26979,['GMDMG'],1958.0,0.227,2532.0,0
2,G:HGNC:28981,G:HGNC:26979,"['GTG', 'GMDMG']",5209.0,0.191,6440.0,0
,gene1,gene2,meta_path,meta_path_rank,rank_percent,total_rank,label
0,G:HGNC:11161,G:HGNC:23836,['GTG'],207.0,0.58,493.0,0
1,G:HGNC:11161,G:HGNC:23836,['GMG'],933.0,0.135,1078.0,0
3,G:HGNC:11161,G:HGNC:23836,['GMDpDMG'],1450.0,0.767,6230.0,0
12,G:HGNC:11161,G:HGNC:23836,"['GTG', 'GMDMG', 'GMDpDMG']",1576.0,0.884,13627.0,0
6,G:HGNC:11161,G:HGNC:23836,"['GTG', 'GMDpDMG']",1928.0,0.836,11762.0,0
4,G:HGNC:11161,G:HGNC:23836,"['GTG', 'GMG']",2005.0,0.375,3207.0,0
2,G:HGNC:11161,G:HGNC:23836,['GMDMG'],2440.0,0.446,4404.0,0
5,G:HGNC:11161,G:HGNC:23836,"['GTG', 'GMDMG']",2553.0,0.786,11913.0,0
11,G:HGNC:11161,G:HGNC:23836,"['GTG', 'GMG', 'GMDpDMG']",2833.0,0.549,6275.0,0
14,G:HGNC:11161,G:HGNC:23836,"['GTG', 'GMG', 'GMDMG', 'GMDpDMG']",3110.0,0.508,6326.0,0
10,G:HGNC:11161,G:HGNC:23836,"['GTG', 'GMG', 'GMDMG']",3774.0,0.431,6629.0,0
9,G:HGNC:11161,G:HGNC:23836,"['GMDMG', 'GMDpDMG']",4503.0,0.652,12930.0,0
8,G:HGNC:11161,G:HGNC:23836,"['GMG', 'GMDpDMG']",4587.0,0.37,7279.0,0
13,G:HGNC:11161,G:HGNC:23836,"['GMG', 'GMDMG', 'GMDpDMG']",4848.0,0.369,7687.0,0
7,G:HGNC:11161,G:HGNC:23836,"['GMG', 'GMDMG']",5535.0,0.287,7766.0,0
