,gene1,gene2,meta_path,meta_path_rank,rank_percent,total_rank
0,G:HGNC:15997,G:HGNC:9226,['GMG'],766.0,0.171,924.0
1,G:HGNC:15997,G:HGNC:9226,['GMDMG'],151.0,0.942,2624.0
2,G:HGNC:15997,G:HGNC:9226,['GMDpDMG'],1616.0,0.688,5182.0
3,G:HGNC:15997,G:HGNC:9226,"['GMG', 'GMDMG']",3352.0,0.439,5978.0
4,G:HGNC:15997,G:HGNC:9226,"['GMG', 'GMDpDMG']",3310.0,0.413,5637.0
5,G:HGNC:15997,G:HGNC:9226,"['GMDMG', 'GMDpDMG']",1192.0,0.905,12535.0
6,G:HGNC:15997,G:HGNC:9226,"['GMG', 'GMDMG', 'GMDpDMG']",2675.0,0.555,6014.0
7,G:HGNC:9304,G:HGNC:9322,['GTG'],18.0,0.967,541.0
8,G:HGNC:9304,G:HGNC:9322,['GMG'],523.0,0.28,726.0
9,G:HGNC:9304,G:HGNC:9322,['GMDMG'],4260.0,0.043,4452.0
10,G:HGNC:9304,G:HGNC:9322,"['GTG', 'GMG']",411.0,0.871,3181.0
11,G:HGNC:9304,G:HGNC:9322,"['GTG', 'GMDMG']",5312.0,0.482,10256.0
12,G:HGNC:9304,G:HGNC:9322,"['GMG', 'GMDMG']",6430.0,0.045,6732.0
13,G:HGNC:9304,G:HGNC:9322,"['GTG', 'GMG', 'GMDMG']",4706.0,0.228,6095.0
14,G:HGNC:9288,G:HGNC:30695,['GMG'],627.0,0.505,1267.0
15,G:HGNC:9288,G:HGNC:30695,['GMDMG'],348.0,0.942,5996.0
16,G:HGNC:9288,G:HGNC:30695,['GMDpDMG'],1012.0,0.861,7303.0
17,G:HGNC:9288,G:HGNC:30695,"['GMG', 'GMDMG']",818.0,0.907,8841.0
18,G:HGNC:9288,G:HGNC:30695,"['GMG', 'GMDpDMG']",586.0,0.928,8155.0
19,G:HGNC:9288,G:HGNC:30695,"['GMDMG', 'GMDpDMG']",352.0,0.974,13289.0
20,G:HGNC:9288,G:HGNC:30695,"['GMG', 'GMDMG', 'GMDpDMG']",442.0,0.948,8551.0
21,G:HGNC:26307,G:HGNC:4879,['GTG'],149.0,0.636,409.0
22,G:HGNC:4627,G:HGNC:7063,['GPdPG'],2.0,0.889,18.0
23,G:HGNC:4627,G:HGNC:7063,['GTG'],46.0,0.887,406.0
24,G:HGNC:4627,G:HGNC:7063,"['GPdPG', 'GTG']",20.0,0.701,67.0
25,G:HGNC:9314,G:HGNC:15566,['GTG'],125.0,0.784,578.0
26,G:HGNC:9314,G:HGNC:15566,['GMDMG'],1773.0,0.296,2517.0
27,G:HGNC:9314,G:HGNC:15566,"['GTG', 'GMDMG']",6119.0,0.243,8087.0
28,G:HGNC:20785,G:HGNC:15566,['GTG'],11.0,0.968,341.0
29,G:HGNC:24550,G:HGNC:26933,['GTG'],62.0,0.81,326.0
30,G:HGNC:24550,G:HGNC:26933,['GMG'],418.0,0.316,611.0
31,G:HGNC:24550,G:HGNC:26933,['GMDMG'],2811.0,0.255,3773.0
32,G:HGNC:24550,G:HGNC:26933,['GMDpDMG'],3492.0,0.278,4839.0
33,G:HGNC:24550,G:HGNC:26933,"['GTG', 'GMG']",490.0,0.73,1812.0
34,G:HGNC:24550,G:HGNC:26933,"['GTG', 'GMDMG']",980.0,0.843,6253.0
35,G:HGNC:24550,G:HGNC:26933,"['GTG', 'GMDpDMG']",1319.0,0.778,5939.0
36,G:HGNC:24550,G:HGNC:26933,"['GMG', 'GMDMG']",5071.0,0.214,6449.0
37,G:HGNC:24550,G:HGNC:26933,"['GMG', 'GMDpDMG']",4460.0,0.242,5887.0
38,G:HGNC:24550,G:HGNC:26933,"['GMDMG', 'GMDpDMG']",9561.0,0.207,12064.0
39,G:HGNC:24550,G:HGNC:26933,"['GTG', 'GMG', 'GMDMG']",1521.0,0.59,3707.0
40,G:HGNC:24550,G:HGNC:26933,"['GTG', 'GMG', 'GMDpDMG']",1246.0,0.623,3308.0
41,G:HGNC:24550,G:HGNC:26933,"['GTG', 'GMDMG', 'GMDpDMG']",3388.0,0.577,8017.0
42,G:HGNC:24550,G:HGNC:26933,"['GMG', 'GMDMG', 'GMDpDMG']",5382.0,0.188,6629.0
43,G:HGNC:24550,G:HGNC:26933,"['GTG', 'GMG', 'GMDMG', 'GMDpDMG']",1769.0,0.478,3388.0
44,G:HGNC:9061,G:HGNC:9065,['GTG'],78.0,0.851,522.0
45,G:HGNC:9061,G:HGNC:9065,['GMDMG'],573.0,0.819,3167.0
46,G:HGNC:9061,G:HGNC:9065,['GMDpDMG'],1710.0,0.667,5140.0
47,G:HGNC:9061,G:HGNC:9065,"['GTG', 'GMDMG']",279.0,0.97,9355.0
48,G:HGNC:9061,G:HGNC:9065,"['GTG', 'GMDpDMG']",473.0,0.949,9237.0
49,G:HGNC:9061,G:HGNC:9065,"['GMDMG', 'GMDpDMG']",2424.0,0.806,12525.0
50,G:HGNC:9061,G:HGNC:9065,"['GTG', 'GMDMG', 'GMDpDMG']",672.0,0.944,12076.0
51,G:HGNC:20785,G:HGNC:9314,['GTG'],282.0,0.415,482.0
52,G:HGNC:7455,G:HGNC:7707,['GDG'],10.0,0.231,13.0
53,G:HGNC:7455,G:HGNC:7707,['GDpDG'],18.0,0.982,1000.0
54,G:HGNC:7455,G:HGNC:7707,['GDpDpDG'],170.0,0.971,5935.0
55,G:HGNC:7455,G:HGNC:7707,['GPdPG'],11.0,0.732,41.0
56,G:HGNC:7455,G:HGNC:7707,['GTG'],35.0,0.9,351.0
57,G:HGNC:7455,G:HGNC:7707,"['GDG', 'GDpDG']",25.0,0.306,36.0
58,G:HGNC:7455,G:HGNC:7707,"['GDG', 'GDpDpDG']",26.0,0.278,36.0
59,G:HGNC:7455,G:HGNC:7707,"['GDG', 'GPdPG']",12.0,0.143,14.0
60,G:HGNC:7455,G:HGNC:7707,"['GDG', 'GTG']",48.0,0.262,65.0
61,G:HGNC:7455,G:HGNC:7707,"['GDpDG', 'GDpDpDG']",21.0,0.994,3495.0
62,G:HGNC:7455,G:HGNC:7707,"['GDpDG', 'GPdPG']",16.0,0.845,103.0
63,G:HGNC:7455,G:HGNC:7707,"['GDpDG', 'GTG']",42.0,0.983,2416.0
64,G:HGNC:7455,G:HGNC:7707,"['GDpDpDG', 'GPdPG']",31.0,0.783,143.0
65,G:HGNC:7455,G:HGNC:7707,"['GDpDpDG', 'GTG']",27.0,0.994,4685.0
66,G:HGNC:7455,G:HGNC:7707,"['GPdPG', 'GTG']",59.0,0.699,196.0
67,G:HGNC:7455,G:HGNC:7707,"['GDG', 'GDpDG', 'GDpDpDG']",21.0,0.417,36.0
68,G:HGNC:7455,G:HGNC:7707,"['GDG', 'GDpDG', 'GPdPG']",15.0,0.211,19.0
69,G:HGNC:7455,G:HGNC:7707,"['GDG', 'GDpDG', 'GTG']",48.0,0.333,72.0
70,G:HGNC:7455,G:HGNC:7707,"['GDG', 'GDpDpDG', 'GPdPG']",16.0,0.158,19.0
71,G:HGNC:7455,G:HGNC:7707,"['GDG', 'GDpDpDG', 'GTG']",29.0,0.597,72.0
72,G:HGNC:7455,G:HGNC:7707,"['GDG', 'GPdPG', 'GTG']",42.0,0.143,49.0
73,G:HGNC:7455,G:HGNC:7707,"['GDpDG', 'GDpDpDG', 'GPdPG']",15.0,0.858,106.0
74,G:HGNC:7455,G:HGNC:7707,"['GDpDG', 'GDpDpDG', 'GTG']",23.0,0.992,2802.0
75,G:HGNC:7455,G:HGNC:7707,"['GDpDG', 'GPdPG', 'GTG']",34.0,0.709,117.0
76,G:HGNC:7455,G:HGNC:7707,"['GDpDpDG', 'GPdPG', 'GTG']",35.0,0.752,141.0
77,G:HGNC:7455,G:HGNC:7707,"['GDG', 'GDpDG', 'GDpDpDG', 'GPdPG']",15.0,0.211,19.0
78,G:HGNC:7455,G:HGNC:7707,"['GDG', 'GDpDG', 'GDpDpDG', 'GTG']",27.0,0.625,72.0
79,G:HGNC:7455,G:HGNC:7707,"['GDG', 'GDpDG', 'GPdPG', 'GTG']",34.0,0.306,49.0
80,G:HGNC:7455,G:HGNC:7707,"['GDG', 'GDpDpDG', 'GPdPG', 'GTG']",33.0,0.327,49.0
81,G:HGNC:7455,G:HGNC:7707,"['GDpDG', 'GDpDpDG', 'GPdPG', 'GTG']",32.0,0.726,117.0
82,G:HGNC:7455,G:HGNC:7707,"['GDG', 'GDpDG', 'GDpDpDG', 'GPdPG', 'GTG']",33.0,0.327,49.0
83,G:HGNC:9726,G:HGNC:9725,['GDpDpDG'],2886.0,0.332,4320.0
84,G:HGNC:9726,G:HGNC:9725,['GPdPG'],2.0,0.953,43.0
85,G:HGNC:9726,G:HGNC:9725,['GTG'],2.0,0.996,464.0
86,G:HGNC:9726,G:HGNC:9725,"['GDpDpDG', 'GPdPG']",28.0,0.391,46.0
87,G:HGNC:9726,G:HGNC:9725,"['GDpDpDG', 'GTG']",1767.0,0.561,4021.0
88,G:HGNC:9726,G:HGNC:9725,"['GPdPG', 'GTG']",1.0,0.994,162.0
89,G:HGNC:9726,G:HGNC:9725,"['GDpDpDG', 'GPdPG', 'GTG']",19.0,0.587,46.0
90,G:HGNC:8592,G:HGNC:18133,['GPdPG'],1.0,0.963,27.0
91,G:HGNC:8592,G:HGNC:18133,['GTG'],58.0,0.903,597.0
92,G:HGNC:8592,G:HGNC:18133,"['GPdPG', 'GTG']",41.0,0.895,391.0
93,G:HGNC:13538,G:HGNC:9410,['GPdPG'],7.0,0.863,51.0
94,G:HGNC:13538,G:HGNC:9410,['GTG'],119.0,0.786,556.0
95,G:HGNC:13538,G:HGNC:9410,"['GPdPG', 'GTG']",188.0,0.6,470.0
96,G:HGNC:3655,G:HGNC:6190,['GPdPG'],8.0,0.805,41.0
97,G:HGNC:3655,G:HGNC:6190,['GTG'],28.0,0.957,655.0
98,G:HGNC:3655,G:HGNC:6190,['GMG'],551.0,0.267,752.0
99,G:HGNC:3655,G:HGNC:6190,['GMDMG'],2608.0,0.456,4792.0
100,G:HGNC:3655,G:HGNC:6190,['GMDpDMG'],3701.0,0.394,6105.0
101,G:HGNC:3655,G:HGNC:6190,"['GPdPG', 'GTG']",124.0,0.719,442.0
102,G:HGNC:3655,G:HGNC:6190,"['GPdPG', 'GMG']",102.0,0.354,158.0
103,G:HGNC:3655,G:HGNC:6190,"['GPdPG', 'GMDMG']",214.0,0.474,407.0
104,G:HGNC:3655,G:HGNC:6190,"['GPdPG', 'GMDpDMG']",216.0,0.385,351.0
105,G:HGNC:3655,G:HGNC:6190,"['GTG', 'GMG']",1028.0,0.728,3775.0
106,G:HGNC:3655,G:HGNC:6190,"['GTG', 'GMDMG']",14.0,0.999,14597.0
107,G:HGNC:3655,G:HGNC:6190,"['GTG', 'GMDpDMG']",41.0,0.997,13042.0
108,G:HGNC:3655,G:HGNC:6190,"['GMG', 'GMDMG']",2992.0,0.543,6554.0
109,G:HGNC:3655,G:HGNC:6190,"['GMG', 'GMDpDMG']",2962.0,0.518,6144.0
110,G:HGNC:3655,G:HGNC:6190,"['GMDMG', 'GMDpDMG']",6763.0,0.482,13058.0
111,G:HGNC:3655,G:HGNC:6190,"['GPdPG', 'GTG', 'GMG']",80.0,0.574,188.0
112,G:HGNC:3655,G:HGNC:6190,"['GPdPG', 'GTG', 'GMDMG']",121.0,0.717,428.0
113,G:HGNC:3655,G:HGNC:6190,"['GPdPG', 'GTG', 'GMDpDMG']",128.0,0.665,382.0
114,G:HGNC:3655,G:HGNC:6190,"['GPdPG', 'GMG', 'GMDMG']",117.0,0.387,191.0
115,G:HGNC:3655,G:HGNC:6190,"['GPdPG', 'GMG', 'GMDpDMG']",117.0,0.343,178.0
116,G:HGNC:3655,G:HGNC:6190,"['GPdPG', 'GMDMG', 'GMDpDMG']",229.0,0.399,381.0
117,G:HGNC:3655,G:HGNC:6190,"['GTG', 'GMG', 'GMDMG']",826.0,0.862,6001.0
118,G:HGNC:3655,G:HGNC:6190,"['GTG', 'GMG', 'GMDpDMG']",816.0,0.858,5728.0
119,G:HGNC:3655,G:HGNC:6190,"['GTG', 'GMDMG', 'GMDpDMG']",311.0,0.98,15192.0
120,G:HGNC:3655,G:HGNC:6190,"['GMG', 'GMDMG', 'GMDpDMG']",3117.0,0.519,6474.0
121,G:HGNC:3655,G:HGNC:6190,"['GPdPG', 'GTG', 'GMG', 'GMDMG']",71.0,0.62,187.0
122,G:HGNC:3655,G:HGNC:6190,"['GPdPG', 'GTG', 'GMG', 'GMDpDMG']",71.0,0.592,174.0
123,G:HGNC:3655,G:HGNC:6190,"['GPdPG', 'GTG', 'GMDMG', 'GMDpDMG']",139.0,0.636,382.0
124,G:HGNC:3655,G:HGNC:6190,"['GPdPG', 'GMG', 'GMDMG', 'GMDpDMG']",121.0,0.32,178.0
125,G:HGNC:3655,G:HGNC:6190,"['GTG', 'GMG', 'GMDMG', 'GMDpDMG']",875.0,0.848,5748.0
126,G:HGNC:3655,G:HGNC:6190,"['GPdPG', 'GTG', 'GMG', 'GMDMG', 'GMDpDMG']",77.0,0.557,174.0
127,G:HGNC:22140,G:HGNC:8590,['GTG'],409.0,0.439,729.0
128,G:HGNC:22140,G:HGNC:8590,['GMDMG'],2895.0,0.219,3708.0
129,G:HGNC:22140,G:HGNC:8590,['GMDpDMG'],2975.0,0.455,5457.0
130,G:HGNC:22140,G:HGNC:8590,"['GTG', 'GMDMG']",7969.0,0.302,11423.0
131,G:HGNC:22140,G:HGNC:8590,"['GTG', 'GMDpDMG']",4199.0,0.641,11696.0
132,G:HGNC:22140,G:HGNC:8590,"['GMDMG', 'GMDpDMG']",8840.0,0.294,12515.0
133,G:HGNC:22140,G:HGNC:8590,"['GTG', 'GMDMG', 'GMDpDMG']",8501.0,0.369,13476.0
134,G:HGNC:16381,G:HGNC:9305,['GTG'],115.0,0.644,323.0
135,G:HGNC:16381,G:HGNC:9305,['GMG'],599.0,0.553,1340.0
136,G:HGNC:16381,G:HGNC:9305,['GMDMG'],134.0,0.956,3026.0
137,G:HGNC:16381,G:HGNC:9305,"['GTG', 'GMG']",552.0,0.763,2330.0
138,G:HGNC:16381,G:HGNC:9305,"['GTG', 'GMDMG']",1058.0,0.826,6094.0
139,G:HGNC:16381,G:HGNC:9305,"['GMG', 'GMDMG']",846.0,0.857,5909.0
140,G:HGNC:16381,G:HGNC:9305,"['GTG', 'GMG', 'GMDMG']",477.0,0.853,3241.0
141,G:HGNC:11408,G:HGNC:9412,['GTG'],248.0,0.713,864.0
142,G:HGNC:13397,G:HGNC:24376,['GTG'],1.0,0.997,381.0
143,G:HGNC:9137,G:HGNC:17035,['GDpDG'],106.0,0.744,414.0
144,G:HGNC:9137,G:HGNC:17035,['GDpDpDG'],1179.0,0.795,5749.0
145,G:HGNC:9137,G:HGNC:17035,['GTG'],2.0,0.996,549.0
146,G:HGNC:9137,G:HGNC:17035,"['GDpDG', 'GDpDpDG']",536.0,0.769,2317.0
147,G:HGNC:9137,G:HGNC:17035,"['GDpDG', 'GTG']",2.0,0.999,1703.0
148,G:HGNC:9137,G:HGNC:17035,"['GDpDpDG', 'GTG']",3.0,0.999,5044.0
149,G:HGNC:9137,G:HGNC:17035,"['GDpDG', 'GDpDpDG', 'GTG']",5.0,0.997,1994.0
150,G:HGNC:25996,G:HGNC:24678,['GTG'],31.0,0.924,408.0
151,G:HGNC:25996,G:HGNC:24678,['GMDMG'],1846.0,0.173,2233.0
152,G:HGNC:25996,G:HGNC:24678,['GMDpDMG'],2978.0,0.132,3432.0
153,G:HGNC:25996,G:HGNC:24678,"['GTG', 'GMDMG']",4881.0,0.239,6416.0
154,G:HGNC:25996,G:HGNC:24678,"['GTG', 'GMDpDMG']",3355.0,0.443,6019.0
155,G:HGNC:25996,G:HGNC:24678,"['GMDMG', 'GMDpDMG']",6737.0,0.129,7737.0
156,G:HGNC:25996,G:HGNC:24678,"['GTG', 'GMDMG', 'GMDpDMG']",6240.0,0.14,7254.0
157,G:HGNC:29958,G:HGNC:22960,['GTG'],13.0,0.951,265.0
158,G:HGNC:29149,G:HGNC:9307,['GTG'],61.0,0.844,392.0
159,G:HGNC:9416,G:HGNC:13480,['GPdPG'],1.0,0.963,27.0
160,G:HGNC:9416,G:HGNC:13480,['GTG'],73.0,0.811,387.0
161,G:HGNC:9416,G:HGNC:13480,['GMG'],581.0,0.2,726.0
162,G:HGNC:9416,G:HGNC:13480,['GMDMG'],1395.0,0.541,3038.0
163,G:HGNC:9416,G:HGNC:13480,['GMDpDMG'],624.0,0.846,4064.0
164,G:HGNC:9416,G:HGNC:13480,"['GPdPG', 'GTG']",51.0,0.824,289.0
165,G:HGNC:9416,G:HGNC:13480,"['GPdPG', 'GMG']",60.0,0.496,119.0
166,G:HGNC:9416,G:HGNC:13480,"['GPdPG', 'GMDMG']",77.0,0.784,356.0
167,G:HGNC:9416,G:HGNC:13480,"['GPdPG', 'GMDpDMG']",43.0,0.871,333.0
168,G:HGNC:9416,G:HGNC:13480,"['GTG', 'GMG']",1014.0,0.585,2445.0
169,G:HGNC:9416,G:HGNC:13480,"['GTG', 'GMDMG']",894.0,0.895,8476.0
170,G:HGNC:9416,G:HGNC:13480,"['GTG', 'GMDpDMG']",730.0,0.911,8164.0
171,G:HGNC:9416,G:HGNC:13480,"['GMG', 'GMDMG']",3586.0,0.348,5498.0
172,G:HGNC:9416,G:HGNC:13480,"['GMG', 'GMDpDMG']",2562.0,0.476,4886.0
173,G:HGNC:9416,G:HGNC:13480,"['GMDMG', 'GMDpDMG']",2871.0,0.763,12108.0
174,G:HGNC:9416,G:HGNC:13480,"['GPdPG', 'GTG', 'GMG']",78.0,0.536,168.0
175,G:HGNC:9416,G:HGNC:13480,"['GPdPG', 'GTG', 'GMDMG']",85.0,0.796,417.0
176,G:HGNC:9416,G:HGNC:13480,"['GPdPG', 'GTG', 'GMDpDMG']",63.0,0.833,377.0
177,G:HGNC:9416,G:HGNC:13480,"['GPdPG', 'GMG', 'GMDMG']",56.0,0.569,130.0
178,G:HGNC:9416,G:HGNC:13480,"['GPdPG', 'GMG', 'GMDpDMG']",43.0,0.636,118.0
179,G:HGNC:9416,G:HGNC:13480,"['GPdPG', 'GMDMG', 'GMDpDMG']",48.0,0.871,372.0
180,G:HGNC:9416,G:HGNC:13480,"['GTG', 'GMG', 'GMDMG']",1374.0,0.656,3994.0
181,G:HGNC:9416,G:HGNC:13480,"['GTG', 'GMG', 'GMDpDMG']",885.0,0.749,3532.0
182,G:HGNC:9416,G:HGNC:13480,"['GTG', 'GMDMG', 'GMDpDMG']",718.0,0.93,10211.0
183,G:HGNC:9416,G:HGNC:13480,"['GMG', 'GMDMG', 'GMDpDMG']",2465.0,0.546,5432.0
184,G:HGNC:9416,G:HGNC:13480,"['GPdPG', 'GTG', 'GMG', 'GMDMG']",51.0,0.608,130.0
185,G:HGNC:9416,G:HGNC:13480,"['GPdPG', 'GTG', 'GMG', 'GMDpDMG']",34.0,0.712,118.0
186,G:HGNC:9416,G:HGNC:13480,"['GPdPG', 'GTG', 'GMDMG', 'GMDpDMG']",51.0,0.864,376.0
187,G:HGNC:9416,G:HGNC:13480,"['GPdPG', 'GMG', 'GMDMG', 'GMDpDMG']",40.0,0.661,118.0
188,G:HGNC:9416,G:HGNC:13480,"['GTG', 'GMG', 'GMDMG', 'GMDpDMG']",805.0,0.774,3560.0
189,G:HGNC:9416,G:HGNC:13480,"['GPdPG', 'GTG', 'GMG', 'GMDMG', 'GMDpDMG']",33.0,0.72,118.0
190,G:HGNC:9316,G:HGNC:9303,['GTG'],53.0,0.861,382.0
191,G:HGNC:16890,G:HGNC:9314,['GTG'],355.0,0.341,539.0
192,G:HGNC:16890,G:HGNC:9314,['GMDMG'],2113.0,0.422,3655.0
193,G:HGNC:16890,G:HGNC:9314,['GMDpDMG'],3402.0,0.435,6019.0
194,G:HGNC:16890,G:HGNC:9314,"['GTG', 'GMDMG']",4914.0,0.559,11143.0
195,G:HGNC:16890,G:HGNC:9314,"['GTG', 'GMDpDMG']",4953.0,0.581,11831.0
196,G:HGNC:16890,G:HGNC:9314,"['GMDMG', 'GMDpDMG']",6424.0,0.488,12553.0
197,G:HGNC:16890,G:HGNC:9314,"['GTG', 'GMDMG', 'GMDpDMG']",4394.0,0.686,14004.0
198,G:HGNC:9304,G:HGNC:9305,['GTG'],5.0,0.987,376.0
199,G:HGNC:9304,G:HGNC:9305,['GMG'],341.0,0.575,802.0
200,G:HGNC:9304,G:HGNC:9305,['GMDMG'],4219.0,0.114,4764.0
201,G:HGNC:9304,G:HGNC:9305,"['GTG', 'GMG']",14.0,0.995,3034.0
202,G:HGNC:9304,G:HGNC:9305,"['GTG', 'GMDMG']",759.0,0.925,10089.0
203,G:HGNC:9304,G:HGNC:9305,"['GMG', 'GMDMG']",4134.0,0.417,7092.0
204,G:HGNC:9304,G:HGNC:9305,"['GTG', 'GMG', 'GMDMG']",711.0,0.877,5790.0
205,G:HGNC:1374,G:HGNC:1375,['GPdPG'],3.0,0.955,67.0
206,G:HGNC:1374,G:HGNC:1375,['GTG'],56.0,0.86,401.0
207,G:HGNC:1374,G:HGNC:1375,"['GPdPG', 'GTG']",5.0,0.936,78.0
208,G:HGNC:19662,G:HGNC:7063,['GPdPG'],1.0,0.917,12.0
209,G:HGNC:19662,G:HGNC:7063,['GTG'],97.0,0.751,389.0
210,G:HGNC:19662,G:HGNC:7063,"['GPdPG', 'GTG']",26.0,0.574,61.0
211,G:HGNC:6190,G:HGNC:9618,['GTG'],180.0,0.671,547.0
212,G:HGNC:6190,G:HGNC:9618,['GMDMG'],2239.0,0.57,5201.0
213,G:HGNC:6190,G:HGNC:9618,['GMDpDMG'],374.0,0.947,7038.0
214,G:HGNC:6190,G:HGNC:9618,"['GTG', 'GMDMG']",948.0,0.929,13423.0
215,G:HGNC:6190,G:HGNC:9618,"['GTG', 'GMDpDMG']",344.0,0.972,12182.0
216,G:HGNC:6190,G:HGNC:9618,"['GMDMG', 'GMDpDMG']",2116.0,0.838,13078.0
217,G:HGNC:6190,G:HGNC:9618,"['GTG', 'GMDMG', 'GMDpDMG']",653.0,0.953,13827.0
218,G:HGNC:19342,G:HGNC:17827,['GTG'],3.0,0.988,246.0
219,G:HGNC:9276,G:HGNC:9315,['GTG'],171.0,0.682,538.0
220,G:HGNC:9276,G:HGNC:9315,['GMDpDMG'],4805.0,0.009,4848.0
221,G:HGNC:9276,G:HGNC:9315,"['GTG', 'GMDpDMG']",9582.0,0.081,10423.0
222,G:HGNC:9304,G:HGNC:15566,['GTG'],27.0,0.935,414.0
223,G:HGNC:9304,G:HGNC:15566,['GMG'],517.0,0.295,733.0
224,G:HGNC:9304,G:HGNC:15566,['GMDMG'],3652.0,0.173,4415.0
225,G:HGNC:9304,G:HGNC:15566,"['GTG', 'GMG']",615.0,0.789,2918.0
226,G:HGNC:9304,G:HGNC:15566,"['GTG', 'GMDMG']",4773.0,0.492,9402.0
227,G:HGNC:9304,G:HGNC:15566,"['GMG', 'GMDMG']",5784.0,0.08,6289.0
228,G:HGNC:9304,G:HGNC:15566,"['GTG', 'GMG', 'GMDMG']",4135.0,0.23,5372.0
229,G:HGNC:3386,G:HGNC:9618,['GTG'],133.0,0.771,582.0
230,G:HGNC:3386,G:HGNC:9618,['GMG'],218.0,0.636,599.0
231,G:HGNC:3386,G:HGNC:9618,['GMDMG'],630.0,0.83,3714.0
232,G:HGNC:3386,G:HGNC:9618,['GMDpDMG'],3596.0,0.376,5763.0
233,G:HGNC:3386,G:HGNC:9618,"['GTG', 'GMG']",395.0,0.894,3733.0
234,G:HGNC:3386,G:HGNC:9618,"['GTG', 'GMDMG']",60.0,0.995,11618.0
235,G:HGNC:3386,G:HGNC:9618,"['GTG', 'GMDpDMG']",144.0,0.986,10483.0
236,G:HGNC:3386,G:HGNC:9618,"['GMG', 'GMDMG']",882.0,0.893,8223.0
237,G:HGNC:3386,G:HGNC:9618,"['GMG', 'GMDpDMG']",723.0,0.906,7674.0
238,G:HGNC:3386,G:HGNC:9618,"['GMDMG', 'GMDpDMG']",5620.0,0.557,12698.0
239,G:HGNC:3386,G:HGNC:9618,"['GTG', 'GMG', 'GMDMG']",187.0,0.974,7315.0
240,G:HGNC:3386,G:HGNC:9618,"['GTG', 'GMG', 'GMDpDMG']",70.0,0.99,6756.0
241,G:HGNC:3386,G:HGNC:9618,"['GTG', 'GMDMG', 'GMDpDMG']",161.0,0.987,12393.0
242,G:HGNC:3386,G:HGNC:9618,"['GMG', 'GMDMG', 'GMDpDMG']",574.0,0.932,8495.0
243,G:HGNC:3386,G:HGNC:9618,"['GTG', 'GMG', 'GMDMG', 'GMDpDMG']",46.0,0.993,6865.0
244,G:HGNC:9381,G:HGNC:9407,['GPdPG'],2.0,0.947,38.0
245,G:HGNC:9381,G:HGNC:9407,['GTG'],177.0,0.732,661.0
246,G:HGNC:9381,G:HGNC:9407,"['GPdPG', 'GTG']",118.0,0.69,381.0
247,G:HGNC:6190,G:HGNC:6524,['GPdPG'],34.0,0.393,56.0
248,G:HGNC:6190,G:HGNC:6524,['GTG'],112.0,0.826,642.0
249,G:HGNC:6190,G:HGNC:6524,"['GPdPG', 'GTG']",261.0,0.453,477.0
250,G:HGNC:20785,G:HGNC:9319,['GTG'],49.0,0.858,346.0
251,G:HGNC:9278,G:HGNC:9302,['GTG'],93.0,0.841,585.0
252,G:HGNC:9278,G:HGNC:9302,['GMDMG'],3272.0,0.133,3772.0
253,G:HGNC:9278,G:HGNC:9302,['GMDpDMG'],5040.0,0.105,5629.0
254,G:HGNC:9278,G:HGNC:9302,"['GTG', 'GMDMG']",6950.0,0.383,11270.0
255,G:HGNC:9278,G:HGNC:9302,"['GTG', 'GMDpDMG']",8885.0,0.216,11328.0
256,G:HGNC:9278,G:HGNC:9302,"['GMDMG', 'GMDpDMG']",10870.0,0.083,11858.0
257,G:HGNC:9278,G:HGNC:9302,"['GTG', 'GMDMG', 'GMDpDMG']",12242.0,0.136,14163.0
258,G:HGNC:1464,G:HGNC:1469,['GTG'],41.0,0.922,525.0
259,G:HGNC:9381,G:HGNC:1985,['GPdPG'],2.0,0.947,38.0
260,G:HGNC:9381,G:HGNC:1985,['GTG'],227.0,0.609,580.0
261,G:HGNC:9381,G:HGNC:1985,['GMG'],226.0,0.782,1039.0
262,G:HGNC:9381,G:HGNC:1985,['GMDMG'],728.0,0.85,4851.0
263,G:HGNC:9381,G:HGNC:1985,['GMDpDMG'],4191.0,0.382,6782.0
264,G:HGNC:9381,G:HGNC:1985,"['GPdPG', 'GTG']",178.0,0.549,395.0
265,G:HGNC:9381,G:HGNC:1985,"['GPdPG', 'GMG']",26.0,0.852,176.0
266,G:HGNC:9381,G:HGNC:1985,"['GPdPG', 'GMDMG']",43.0,0.894,406.0
267,G:HGNC:9381,G:HGNC:1985,"['GPdPG', 'GMDpDMG']",98.0,0.722,353.0
268,G:HGNC:9381,G:HGNC:1985,"['GTG', 'GMG']",339.0,0.923,4382.0
269,G:HGNC:9381,G:HGNC:1985,"['GTG', 'GMDMG']",1436.0,0.9,14362.0
270,G:HGNC:9381,G:HGNC:1985,"['GTG', 'GMDpDMG']",2805.0,0.789,13323.0
271,G:HGNC:9381,G:HGNC:1985,"['GMG', 'GMDMG']",348.0,0.953,7343.0
272,G:HGNC:9381,G:HGNC:1985,"['GMG', 'GMDpDMG']",514.0,0.925,6898.0
273,G:HGNC:9381,G:HGNC:1985,"['GMDMG', 'GMDpDMG']",4013.0,0.69,12926.0
274,G:HGNC:9381,G:HGNC:1985,"['GPdPG', 'GTG', 'GMG']",53.0,0.723,191.0
275,G:HGNC:9381,G:HGNC:1985,"['GPdPG', 'GTG', 'GMDMG']",109.0,0.745,427.0
276,G:HGNC:9381,G:HGNC:1985,"['GPdPG', 'GTG', 'GMDpDMG']",136.0,0.645,383.0
277,G:HGNC:9381,G:HGNC:1985,"['GPdPG', 'GMG', 'GMDMG']",18.0,0.904,188.0
278,G:HGNC:9381,G:HGNC:1985,"['GPdPG', 'GMG', 'GMDpDMG']",22.0,0.872,172.0
279,G:HGNC:9381,G:HGNC:1985,"['GPdPG', 'GMDMG', 'GMDpDMG']",60.0,0.842,380.0
280,G:HGNC:9381,G:HGNC:1985,"['GTG', 'GMG', 'GMDMG']",265.0,0.962,6895.0
281,G:HGNC:9381,G:HGNC:1985,"['GTG', 'GMG', 'GMDpDMG']",384.0,0.94,6423.0
282,G:HGNC:9381,G:HGNC:1985,"['GTG', 'GMDMG', 'GMDpDMG']",2097.0,0.861,15114.0
283,G:HGNC:9381,G:HGNC:1985,"['GMG', 'GMDMG', 'GMDpDMG']",470.0,0.934,7141.0
284,G:HGNC:9381,G:HGNC:1985,"['GPdPG', 'GTG', 'GMG', 'GMDMG']",32.0,0.83,188.0
285,G:HGNC:9381,G:HGNC:1985,"['GPdPG', 'GTG', 'GMG', 'GMDpDMG']",43.0,0.749,171.0
286,G:HGNC:9381,G:HGNC:1985,"['GPdPG', 'GTG', 'GMDMG', 'GMDpDMG']",77.0,0.799,384.0
287,G:HGNC:9381,G:HGNC:1985,"['GPdPG', 'GMG', 'GMDMG', 'GMDpDMG']",14.0,0.919,172.0
288,G:HGNC:9381,G:HGNC:1985,"['GTG', 'GMG', 'GMDMG', 'GMDpDMG']",337.0,0.948,6437.0
289,G:HGNC:9381,G:HGNC:1985,"['GPdPG', 'GTG', 'GMG', 'GMDMG', 'GMDpDMG']",28.0,0.836,171.0
290,G:HGNC:28110,G:HGNC:9315,['GTG'],180.0,0.651,516.0
291,G:HGNC:28110,G:HGNC:9315,['GMDMG'],1049.0,0.662,3107.0
292,G:HGNC:28110,G:HGNC:9315,['GMDpDMG'],4938.0,0.045,5170.0
293,G:HGNC:28110,G:HGNC:9315,"['GTG', 'GMDMG']",3212.0,0.709,11021.0
294,G:HGNC:28110,G:HGNC:9315,"['GTG', 'GMDpDMG']",8938.0,0.156,10594.0
295,G:HGNC:28110,G:HGNC:9315,"['GMDMG', 'GMDpDMG']",10680.0,0.145,12491.0
296,G:HGNC:28110,G:HGNC:9315,"['GTG', 'GMDMG', 'GMDpDMG']",10422.0,0.226,13466.0
297,G:HGNC:3284,G:HGNC:28883,['GMDMG'],2797.0,0.342,4251.0
298,G:HGNC:3284,G:HGNC:28883,['GMDpDMG'],2466.0,0.538,5334.0
299,G:HGNC:3284,G:HGNC:28883,"['GMDMG', 'GMDpDMG']",6760.0,0.464,12604.0
300,G:HGNC:393,G:HGNC:9403,['GTG'],38.0,0.933,571.0
301,G:HGNC:393,G:HGNC:9403,['GMDMG'],3257.0,0.187,4007.0
302,G:HGNC:393,G:HGNC:9403,"['GTG', 'GMDMG']",1929.0,0.821,10804.0
303,G:HGNC:30040,G:HGNC:27396,['GTG'],12.0,0.966,355.0
304,G:HGNC:9036,G:HGNC:17825,['GTG'],31.0,0.925,416.0
305,G:HGNC:9322,G:HGNC:30695,['GTG'],176.0,0.649,501.0
306,G:HGNC:9322,G:HGNC:30695,['GMDMG'],3652.0,0.182,4462.0
307,G:HGNC:9322,G:HGNC:30695,['GMDpDMG'],4013.0,0.082,4373.0
308,G:HGNC:9322,G:HGNC:30695,"['GTG', 'GMDMG']",1232.0,0.794,5969.0
309,G:HGNC:9322,G:HGNC:30695,"['GTG', 'GMDpDMG']",1743.0,0.439,3109.0
310,G:HGNC:9322,G:HGNC:30695,"['GMDMG', 'GMDpDMG']",7512.0,0.081,8172.0
311,G:HGNC:9322,G:HGNC:30695,"['GTG', 'GMDMG', 'GMDpDMG']",2446.0,0.309,3542.0
312,G:HGNC:4706,G:HGNC:4707,['GTG'],2.0,0.994,348.0
313,G:HGNC:4706,G:HGNC:4707,['GMG'],252.0,0.512,516.0
314,G:HGNC:4706,G:HGNC:4707,"['GTG', 'GMG']",82.0,0.957,1901.0
315,G:HGNC:22140,G:HGNC:6863,['GTG'],119.0,0.762,499.0
316,G:HGNC:11378,G:HGNC:24592,['GTG'],8.0,0.979,384.0
317,G:HGNC:8957,G:HGNC:8960,['GDpDpDG'],2105.0,0.629,5669.0
318,G:HGNC:8957,G:HGNC:8960,['GTG'],6.0,0.978,275.0
319,G:HGNC:8957,G:HGNC:8960,"['GDpDpDG', 'GTG']",26.0,0.991,2994.0
320,G:HGNC:315,G:HGNC:30599,['GTG'],233.0,0.347,357.0
321,G:HGNC:24867,G:HGNC:28135,['GTG'],100.0,0.752,404.0
322,G:HGNC:24867,G:HGNC:28135,['GMG'],439.0,0.355,681.0
323,G:HGNC:24867,G:HGNC:28135,['GMDMG'],367.0,0.879,3031.0
324,G:HGNC:24867,G:HGNC:28135,['GMDpDMG'],2670.0,0.489,5220.0
325,G:HGNC:24867,G:HGNC:28135,"['GTG', 'GMG']",1139.0,0.603,2868.0
326,G:HGNC:24867,G:HGNC:28135,"['GTG', 'GMDMG']",1209.0,0.88,10062.0
327,G:HGNC:24867,G:HGNC:28135,"['GTG', 'GMDpDMG']",2392.0,0.779,10808.0
328,G:HGNC:24867,G:HGNC:28135,"['GMG', 'GMDMG']",2471.0,0.583,5932.0
329,G:HGNC:24867,G:HGNC:28135,"['GMG', 'GMDpDMG']",2167.0,0.623,5755.0
330,G:HGNC:24867,G:HGNC:28135,"['GMDMG', 'GMDpDMG']",2553.0,0.797,12593.0
331,G:HGNC:24867,G:HGNC:28135,"['GTG', 'GMG', 'GMDMG']",1741.0,0.666,5216.0
332,G:HGNC:24867,G:HGNC:28135,"['GTG', 'GMG', 'GMDpDMG']",1289.0,0.737,4897.0
333,G:HGNC:24867,G:HGNC:28135,"['GTG', 'GMDMG', 'GMDpDMG']",1432.0,0.893,13330.0
334,G:HGNC:24867,G:HGNC:28135,"['GMG', 'GMDMG', 'GMDpDMG']",2008.0,0.675,6173.0
335,G:HGNC:24867,G:HGNC:28135,"['GTG', 'GMG', 'GMDMG', 'GMDpDMG']",1191.0,0.76,4955.0
336,G:HGNC:3999,G:HGNC:14347,['GTG'],273.0,0.448,495.0
337,G:HGNC:23074,G:HGNC:6343,['GTG'],310.0,0.338,468.0
338,G:HGNC:23074,G:HGNC:6343,['GMDMG'],3069.0,0.199,3833.0
339,G:HGNC:23074,G:HGNC:6343,['GMDpDMG'],5965.0,0.055,6313.0
340,G:HGNC:23074,G:HGNC:6343,"['GTG', 'GMDMG']",5005.0,0.495,9918.0
341,G:HGNC:23074,G:HGNC:6343,"['GTG', 'GMDpDMG']",7487.0,0.279,10382.0
342,G:HGNC:23074,G:HGNC:6343,"['GMDMG', 'GMDpDMG']",11325.0,0.099,12564.0
343,G:HGNC:23074,G:HGNC:6343,"['GTG', 'GMDMG', 'GMDpDMG']",8997.0,0.304,12929.0
344,G:HGNC:4856,G:HGNC:17879,['GTG'],161.0,0.576,380.0
345,G:HGNC:4856,G:HGNC:17879,['GMDMG'],4089.0,0.131,4708.0
346,G:HGNC:4856,G:HGNC:17879,['GMDpDMG'],5022.0,0.216,6407.0
347,G:HGNC:4856,G:HGNC:17879,"['GTG', 'GMDMG']",7816.0,0.154,9241.0
348,G:HGNC:4856,G:HGNC:17879,"['GTG', 'GMDpDMG']",7226.0,0.237,9471.0
349,G:HGNC:4856,G:HGNC:17879,"['GMDMG', 'GMDpDMG']",9944.0,0.204,12487.0
350,G:HGNC:4856,G:HGNC:17879,"['GTG', 'GMDMG', 'GMDpDMG']",9586.0,0.165,11485.0
351,G:HGNC:1925,G:HGNC:12483,['GTG'],336.0,0.469,633.0
352,G:HGNC:1925,G:HGNC:12483,['GMDMG'],3219.0,0.339,4870.0
353,G:HGNC:1925,G:HGNC:12483,['GMDpDMG'],4427.0,0.277,6127.0
354,G:HGNC:1925,G:HGNC:12483,"['GTG', 'GMDMG']",5760.0,0.563,13185.0
355,G:HGNC:1925,G:HGNC:12483,"['GTG', 'GMDpDMG']",6401.0,0.454,11729.0
356,G:HGNC:1925,G:HGNC:12483,"['GMDMG', 'GMDpDMG']",8896.0,0.306,12824.0
357,G:HGNC:1925,G:HGNC:12483,"['GTG', 'GMDMG', 'GMDpDMG']",8070.0,0.424,14003.0
358,G:HGNC:25430,G:HGNC:26430,['GTG'],39.0,0.876,315.0
359,G:HGNC:16654,G:HGNC:962,['GMDMG'],4382.0,0.082,4774.0
360,G:HGNC:16654,G:HGNC:962,['GMDpDMG'],4272.0,0.099,4740.0
361,G:HGNC:16654,G:HGNC:962,"['GMDMG', 'GMDpDMG']",8057.0,0.072,8683.0
362,G:HGNC:904,G:HGNC:29602,['GTG'],232.0,0.592,569.0
363,G:HGNC:904,G:HGNC:29602,['GMDMG'],2564.0,0.298,3651.0
364,G:HGNC:904,G:HGNC:29602,"['GTG', 'GMDMG']",4627.0,0.575,10899.0
365,G:HGNC:3272,G:HGNC:10820,['GTG'],68.0,0.808,354.0
366,G:HGNC:3272,G:HGNC:10820,['GMDMG'],2067.0,0.237,2710.0
367,G:HGNC:3272,G:HGNC:10820,['GMDpDMG'],2596.0,0.422,4493.0
368,G:HGNC:3272,G:HGNC:10820,"['GTG', 'GMDMG']",3501.0,0.458,6461.0
369,G:HGNC:3272,G:HGNC:10820,"['GTG', 'GMDpDMG']",2488.0,0.71,8578.0
370,G:HGNC:3272,G:HGNC:10820,"['GMDMG', 'GMDpDMG']",8011.0,0.285,11200.0
371,G:HGNC:3272,G:HGNC:10820,"['GTG', 'GMDMG', 'GMDpDMG']",6768.0,0.415,11575.0
372,G:HGNC:28773,G:HGNC:20714,['GTG'],94.0,0.686,299.0
373,G:HGNC:28773,G:HGNC:20714,['GMDMG'],2513.0,0.32,3695.0
374,G:HGNC:28773,G:HGNC:20714,['GMDpDMG'],1496.0,0.703,5029.0
375,G:HGNC:28773,G:HGNC:20714,"['GTG', 'GMDMG']",5313.0,0.434,9394.0
376,G:HGNC:28773,G:HGNC:20714,"['GTG', 'GMDpDMG']",3054.0,0.664,9082.0
377,G:HGNC:28773,G:HGNC:20714,"['GMDMG', 'GMDpDMG']",6318.0,0.48,12149.0
378,G:HGNC:28773,G:HGNC:20714,"['GTG', 'GMDMG', 'GMDpDMG']",6305.0,0.477,12065.0
379,G:HGNC:2338,G:HGNC:11995,['GTG'],113.0,0.653,326.0
380,G:HGNC:23616,G:HGNC:28255,['GMDMG'],920.0,0.624,2448.0
381,G:HGNC:23616,G:HGNC:28255,['GMDpDMG'],944.0,0.762,3961.0
382,G:HGNC:23616,G:HGNC:28255,"['GMDMG', 'GMDpDMG']",3004.0,0.729,11077.0
383,G:HGNC:10628,G:HGNC:6128,['GMDMG'],2351.0,0.163,2808.0
384,G:HGNC:18160,G:HGNC:23504,['GMG'],1168.0,0.087,1279.0
385,G:HGNC:18160,G:HGNC:23504,['GMDMG'],1063.0,0.642,2973.0
386,G:HGNC:18160,G:HGNC:23504,['GMDpDMG'],908.0,0.77,3942.0
387,G:HGNC:18160,G:HGNC:23504,"['GMG', 'GMDMG']",4240.0,0.329,6318.0
388,G:HGNC:18160,G:HGNC:23504,"['GMG', 'GMDpDMG']",4259.0,0.243,5626.0
389,G:HGNC:18160,G:HGNC:23504,"['GMDMG', 'GMDpDMG']",3053.0,0.749,12148.0
390,G:HGNC:18160,G:HGNC:23504,"['GMG', 'GMDMG', 'GMDpDMG']",3652.0,0.402,6108.0
391,G:HGNC:3036,G:HGNC:19300,['GTG'],113.0,0.735,427.0
392,G:HGNC:3036,G:HGNC:19300,['GMG'],23.0,0.927,316.0
393,G:HGNC:3036,G:HGNC:19300,"['GTG', 'GMG']",160.0,0.912,1826.0
394,G:HGNC:13764,G:HGNC:15899,['GTG'],105.0,0.703,353.0
395,G:HGNC:15749,G:HGNC:9548,['GTG'],419.0,0.326,622.0
396,G:HGNC:30278,G:HGNC:3315,['GMDMG'],916.0,0.653,2641.0
397,G:HGNC:30278,G:HGNC:3315,['GMDpDMG'],1217.0,0.656,3535.0
398,G:HGNC:30278,G:HGNC:3315,"['GMDMG', 'GMDpDMG']",2461.0,0.773,10833.0
399,G:HGNC:19246,G:HGNC:5144,['GTG'],306.0,0.382,495.0
400,G:HGNC:1554,G:HGNC:23368,['GTG'],256.0,0.493,505.0
401,G:HGNC:1554,G:HGNC:23368,['GMG'],780.0,0.153,921.0
402,G:HGNC:1554,G:HGNC:23368,"['GTG', 'GMG']",2757.0,0.236,3610.0
403,G:HGNC:28119,G:HGNC:31909,['GTG'],107.0,0.68,334.0
404,G:HGNC:13076,G:HGNC:17185,['GTG'],104.0,0.715,365.0
405,G:HGNC:16229,G:HGNC:18808,['GTG'],70.0,0.773,309.0
406,G:HGNC:31332,G:HGNC:30034,['GTG'],251.0,0.389,411.0
407,G:HGNC:31332,G:HGNC:30034,['GMG'],240.0,0.593,589.0
408,G:HGNC:31332,G:HGNC:30034,['GMDMG'],892.0,0.74,3425.0
409,G:HGNC:31332,G:HGNC:30034,['GMDpDMG'],1165.0,0.787,5480.0
410,G:HGNC:31332,G:HGNC:30034,"['GTG', 'GMG']",1098.0,0.521,2294.0
411,G:HGNC:31332,G:HGNC:30034,"['GTG', 'GMDMG']",4290.0,0.497,8521.0
412,G:HGNC:31332,G:HGNC:30034,"['GTG', 'GMDpDMG']",4102.0,0.558,9283.0
413,G:HGNC:31332,G:HGNC:30034,"['GMG', 'GMDMG']",1668.0,0.683,5260.0
414,G:HGNC:31332,G:HGNC:30034,"['GMG', 'GMDpDMG']",783.0,0.851,5247.0
415,G:HGNC:31332,G:HGNC:30034,"['GMDMG', 'GMDpDMG']",1081.0,0.912,12330.0
416,G:HGNC:31332,G:HGNC:30034,"['GTG', 'GMG', 'GMDMG']",2043.0,0.516,4223.0
417,G:HGNC:31332,G:HGNC:30034,"['GTG', 'GMG', 'GMDpDMG']",1277.0,0.689,4109.0
418,G:HGNC:31332,G:HGNC:30034,"['GTG', 'GMDMG', 'GMDpDMG']",2984.0,0.73,11069.0
419,G:HGNC:31332,G:HGNC:30034,"['GMG', 'GMDMG', 'GMDpDMG']",947.0,0.833,5677.0
420,G:HGNC:31332,G:HGNC:30034,"['GTG', 'GMG', 'GMDMG', 'GMDpDMG']",1264.0,0.695,4145.0
421,G:HGNC:17224,G:HGNC:6616,['GTG'],293.0,0.414,500.0
422,G:HGNC:17224,G:HGNC:6616,['GMDMG'],3238.0,0.243,4276.0
423,G:HGNC:17224,G:HGNC:6616,['GMDpDMG'],3900.0,0.307,5630.0
424,G:HGNC:17224,G:HGNC:6616,"['GTG', 'GMDMG']",7628.0,0.317,11169.0
425,G:HGNC:17224,G:HGNC:6616,"['GTG', 'GMDpDMG']",6552.0,0.382,10609.0
426,G:HGNC:17224,G:HGNC:6616,"['GMDMG', 'GMDpDMG']",7923.0,0.353,12251.0
427,G:HGNC:17224,G:HGNC:6616,"['GTG', 'GMDMG', 'GMDpDMG']",8547.0,0.358,13316.0
428,G:HGNC:10313,G:HGNC:27984,['GMDMG'],3037.0,0.262,4116.0
429,G:HGNC:10313,G:HGNC:27984,['GMDpDMG'],2713.0,0.479,5204.0
430,G:HGNC:10313,G:HGNC:27984,"['GMDMG', 'GMDpDMG']",8148.0,0.329,12152.0
431,G:HGNC:16938,G:HGNC:26594,['GMDMG'],484.0,0.838,2995.0
432,G:HGNC:16938,G:HGNC:26594,['GMDpDMG'],72.0,0.983,4218.0
433,G:HGNC:16938,G:HGNC:26594,"['GMDMG', 'GMDpDMG']",143.0,0.988,11845.0
434,G:HGNC:1578,G:HGNC:53085,['GTG'],348.0,0.28,483.0
435,G:HGNC:26378,G:HGNC:18703,['GTG'],33.0,0.881,277.0
436,G:HGNC:25605,G:HGNC:26472,['GTG'],12.0,0.952,250.0
437,G:HGNC:25605,G:HGNC:26472,['GMG'],597.0,0.324,883.0
438,G:HGNC:25605,G:HGNC:26472,['GMDMG'],1963.0,0.545,4312.0
439,G:HGNC:25605,G:HGNC:26472,['GMDpDMG'],3701.0,0.342,5625.0
440,G:HGNC:25605,G:HGNC:26472,"['GTG', 'GMG']",501.0,0.824,2850.0
441,G:HGNC:25605,G:HGNC:26472,"['GTG', 'GMDMG']",491.0,0.946,9119.0
442,G:HGNC:25605,G:HGNC:26472,"['GTG', 'GMDpDMG']",1061.0,0.887,9380.0
443,G:HGNC:25605,G:HGNC:26472,"['GMG', 'GMDMG']",2207.0,0.68,6891.0
444,G:HGNC:25605,G:HGNC:26472,"['GMG', 'GMDpDMG']",2391.0,0.631,6478.0
445,G:HGNC:25605,G:HGNC:26472,"['GMDMG', 'GMDpDMG']",6339.0,0.497,12603.0
446,G:HGNC:25605,G:HGNC:26472,"['GTG', 'GMG', 'GMDMG']",840.0,0.843,5356.0
447,G:HGNC:25605,G:HGNC:26472,"['GTG', 'GMG', 'GMDpDMG']",883.0,0.825,5036.0
448,G:HGNC:25605,G:HGNC:26472,"['GTG', 'GMDMG', 'GMDpDMG']",2103.0,0.829,12269.0
449,G:HGNC:25605,G:HGNC:26472,"['GMG', 'GMDMG', 'GMDpDMG']",2843.0,0.583,6825.0
450,G:HGNC:25605,G:HGNC:26472,"['GTG', 'GMG', 'GMDMG', 'GMDpDMG']",1247.0,0.755,5098.0
451,G:HGNC:24764,G:HGNC:20038,['GMG'],581.0,0.453,1062.0
452,G:HGNC:24764,G:HGNC:20038,['GMDMG'],3509.0,0.248,4669.0
453,G:HGNC:24764,G:HGNC:20038,['GMDpDMG'],1924.0,0.7,6412.0
454,G:HGNC:24764,G:HGNC:20038,"['GMG', 'GMDMG']",2333.0,0.705,7897.0
455,G:HGNC:24764,G:HGNC:20038,"['GMG', 'GMDpDMG']",948.0,0.87,7315.0
456,G:HGNC:24764,G:HGNC:20038,"['GMDMG', 'GMDpDMG']",7387.0,0.416,12659.0
457,G:HGNC:24764,G:HGNC:20038,"['GMG', 'GMDMG', 'GMDpDMG']",2178.0,0.718,7714.0
458,G:HGNC:32179,G:HGNC:28982,['GTG'],5.0,0.983,297.0
459,G:HGNC:24819,G:HGNC:6058,['GTG'],243.0,0.462,452.0
460,G:HGNC:24819,G:HGNC:6058,['GMDMG'],2705.0,0.308,3909.0
461,G:HGNC:24819,G:HGNC:6058,['GMDpDMG'],4282.0,0.27,5862.0
462,G:HGNC:24819,G:HGNC:6058,"['GTG', 'GMDMG']",7402.0,0.241,9755.0
463,G:HGNC:24819,G:HGNC:6058,"['GTG', 'GMDpDMG']",7608.0,0.179,9265.0
464,G:HGNC:24819,G:HGNC:6058,"['GMDMG', 'GMDpDMG']",9512.0,0.241,12529.0
465,G:HGNC:24819,G:HGNC:6058,"['GTG', 'GMDMG', 'GMDpDMG']",8567.0,0.21,10847.0
466,G:HGNC:1077,G:HGNC:20156,['GTG'],368.0,0.22,472.0
467,G:HGNC:1077,G:HGNC:20156,['GMG'],14.0,0.948,271.0
468,G:HGNC:1077,G:HGNC:20156,['GMDMG'],370.0,0.837,2263.0
469,G:HGNC:1077,G:HGNC:20156,"['GTG', 'GMG']",361.0,0.676,1114.0
470,G:HGNC:1077,G:HGNC:20156,"['GTG', 'GMDMG']",4313.0,0.26,5832.0
471,G:HGNC:1077,G:HGNC:20156,"['GMG', 'GMDMG']",204.0,0.892,1886.0
472,G:HGNC:1077,G:HGNC:20156,"['GTG', 'GMG', 'GMDMG']",632.0,0.557,1427.0
473,G:HGNC:11387,G:HGNC:42,['GMDMG'],1980.0,0.339,2994.0
474,G:HGNC:30855,G:HGNC:5425,['GTG'],178.0,0.564,408.0
475,G:HGNC:26837,G:HGNC:23484,['GTG'],75.0,0.797,370.0
476,G:HGNC:29068,G:HGNC:33139,['GTG'],61.0,0.756,250.0
477,G:HGNC:12333,G:HGNC:26942,['GTG'],271.0,0.368,429.0
478,G:HGNC:24282,G:HGNC:14179,['GTG'],86.0,0.722,309.0
479,G:HGNC:26033,G:HGNC:18726,['GTG'],103.0,0.679,321.0
480,G:HGNC:26033,G:HGNC:18726,['GMDMG'],181.0,0.906,1928.0
481,G:HGNC:26033,G:HGNC:18726,['GMDpDMG'],1.0,1.0,2296.0
482,G:HGNC:26033,G:HGNC:18726,"['GTG', 'GMDMG']",955.0,0.799,4753.0
483,G:HGNC:26033,G:HGNC:18726,"['GTG', 'GMDpDMG']",302.0,0.947,5695.0
484,G:HGNC:26033,G:HGNC:18726,"['GMDMG', 'GMDpDMG']",69.0,0.993,9748.0
485,G:HGNC:26033,G:HGNC:18726,"['GTG', 'GMDMG', 'GMDpDMG']",292.0,0.961,7527.0
486,G:HGNC:1632,G:HGNC:3431,['GDpDpDG'],2974.0,0.431,5224.0
487,G:HGNC:1632,G:HGNC:3431,['GTG'],148.0,0.744,577.0
488,G:HGNC:1632,G:HGNC:3431,['GMDMG'],1881.0,0.506,3810.0
489,G:HGNC:1632,G:HGNC:3431,['GMDpDMG'],1280.0,0.783,5905.0
490,G:HGNC:1632,G:HGNC:3431,"['GDpDpDG', 'GTG']",2150.0,0.545,4724.0
491,G:HGNC:1632,G:HGNC:3431,"['GDpDpDG', 'GMDMG']",1905.0,0.528,4038.0
492,G:HGNC:1632,G:HGNC:3431,"['GDpDpDG', 'GMDpDMG']",1691.0,0.516,3491.0
493,G:HGNC:1632,G:HGNC:3431,"['GTG', 'GMDMG']",316.0,0.973,11765.0
494,G:HGNC:1632,G:HGNC:3431,"['GTG', 'GMDpDMG']",166.0,0.985,11248.0
495,G:HGNC:1632,G:HGNC:3431,"['GMDMG', 'GMDpDMG']",3024.0,0.766,12929.0
496,G:HGNC:1632,G:HGNC:3431,"['GDpDpDG', 'GTG', 'GMDMG']",1048.0,0.688,3354.0
497,G:HGNC:1632,G:HGNC:3431,"['GDpDpDG', 'GTG', 'GMDpDMG']",1019.0,0.652,2924.0
498,G:HGNC:1632,G:HGNC:3431,"['GDpDpDG', 'GMDMG', 'GMDpDMG']",1211.0,0.653,3493.0
499,G:HGNC:1632,G:HGNC:3431,"['GTG', 'GMDMG', 'GMDpDMG']",128.0,0.99,13295.0
500,G:HGNC:1632,G:HGNC:3431,"['GDpDpDG', 'GTG', 'GMDMG', 'GMDpDMG']",602.0,0.794,2924.0
501,G:HGNC:14908,G:HGNC:20264,['GMDMG'],428.0,0.797,2110.0
502,G:HGNC:11306,G:HGNC:15453,['GTG'],426.0,0.246,565.0
503,G:HGNC:11306,G:HGNC:15453,['GMDMG'],525.0,0.767,2258.0
504,G:HGNC:11306,G:HGNC:15453,['GMDpDMG'],2542.0,0.378,4089.0
505,G:HGNC:11306,G:HGNC:15453,"['GTG', 'GMDMG']",6005.0,0.272,8245.0
506,G:HGNC:11306,G:HGNC:15453,"['GTG', 'GMDpDMG']",7641.0,0.134,8821.0
507,G:HGNC:11306,G:HGNC:15453,"['GMDMG', 'GMDpDMG']",5554.0,0.505,11218.0
508,G:HGNC:11306,G:HGNC:15453,"['GTG', 'GMDMG', 'GMDpDMG']",9664.0,0.236,12650.0
509,G:HGNC:17718,G:HGNC:7599,['GMG'],26.0,0.926,350.0
510,G:HGNC:3245,G:HGNC:30313,['GTG'],134.0,0.724,486.0
511,G:HGNC:3245,G:HGNC:30313,['GMDMG'],2082.0,0.374,3325.0
512,G:HGNC:3245,G:HGNC:30313,['GMDpDMG'],3580.0,0.264,4866.0
513,G:HGNC:3245,G:HGNC:30313,"['GTG', 'GMDMG']",3644.0,0.637,10035.0
514,G:HGNC:3245,G:HGNC:30313,"['GTG', 'GMDpDMG']",6536.0,0.353,10096.0
515,G:HGNC:3245,G:HGNC:30313,"['GMDMG', 'GMDpDMG']",8236.0,0.307,11878.0
516,G:HGNC:3245,G:HGNC:30313,"['GTG', 'GMDMG', 'GMDpDMG']",8324.0,0.407,14034.0
517,G:HGNC:9973,G:HGNC:24101,['GTG'],191.0,0.58,455.0
518,G:HGNC:9973,G:HGNC:24101,['GMG'],220.0,0.514,453.0
519,G:HGNC:9973,G:HGNC:24101,['GMDMG'],2311.0,0.366,3644.0
520,G:HGNC:9973,G:HGNC:24101,['GMDpDMG'],4662.0,0.141,5427.0
521,G:HGNC:9973,G:HGNC:24101,"['GTG', 'GMG']",1100.0,0.536,2372.0
522,G:HGNC:9973,G:HGNC:24101,"['GTG', 'GMDMG']",4275.0,0.617,11155.0
523,G:HGNC:9973,G:HGNC:24101,"['GTG', 'GMDpDMG']",6634.0,0.36,10364.0
524,G:HGNC:9973,G:HGNC:24101,"['GMG', 'GMDMG']",2600.0,0.496,5161.0
525,G:HGNC:9973,G:HGNC:24101,"['GMG', 'GMDpDMG']",3756.0,0.217,4795.0
526,G:HGNC:9973,G:HGNC:24101,"['GMDMG', 'GMDpDMG']",9972.0,0.208,12598.0
527,G:HGNC:9973,G:HGNC:24101,"['GTG', 'GMG', 'GMDMG']",2136.0,0.53,4547.0
528,G:HGNC:9973,G:HGNC:24101,"['GTG', 'GMG', 'GMDpDMG']",2863.0,0.33,4276.0
529,G:HGNC:9973,G:HGNC:24101,"['GTG', 'GMDMG', 'GMDpDMG']",7726.0,0.414,13191.0
530,G:HGNC:9973,G:HGNC:24101,"['GMG', 'GMDMG', 'GMDpDMG']",3937.0,0.236,5151.0
531,G:HGNC:9973,G:HGNC:24101,"['GTG', 'GMG', 'GMDMG', 'GMDpDMG']",2960.0,0.315,4319.0
532,G:HGNC:4179,G:HGNC:27475,['GTG'],84.0,0.734,316.0
533,G:HGNC:4179,G:HGNC:27475,['GMDMG'],253.0,0.908,2760.0
534,G:HGNC:4179,G:HGNC:27475,['GMDpDMG'],360.0,0.93,5175.0
535,G:HGNC:4179,G:HGNC:27475,"['GTG', 'GMDMG']",726.0,0.903,7496.0
536,G:HGNC:4179,G:HGNC:27475,"['GTG', 'GMDpDMG']",562.0,0.936,8792.0
537,G:HGNC:4179,G:HGNC:27475,"['GMDMG', 'GMDpDMG']",226.0,0.982,12379.0
538,G:HGNC:4179,G:HGNC:27475,"['GTG', 'GMDMG', 'GMDpDMG']",281.0,0.976,11512.0
539,G:HGNC:26453,G:HGNC:3011,['GTG'],35.0,0.878,287.0
540,G:HGNC:21097,G:HGNC:25784,['GTG'],95.0,0.722,342.0
541,G:HGNC:21097,G:HGNC:25784,['GMDMG'],2294.0,0.419,3948.0
542,G:HGNC:21097,G:HGNC:25784,['GMDpDMG'],4190.0,0.2,5236.0
543,G:HGNC:21097,G:HGNC:25784,"['GTG', 'GMDMG']",4178.0,0.586,10086.0
544,G:HGNC:21097,G:HGNC:25784,"['GTG', 'GMDpDMG']",6051.0,0.355,9388.0
545,G:HGNC:21097,G:HGNC:25784,"['GMDMG', 'GMDpDMG']",8849.0,0.298,12606.0
546,G:HGNC:21097,G:HGNC:25784,"['GTG', 'GMDMG', 'GMDpDMG']",7379.0,0.412,12551.0
547,G:HGNC:24624,G:HGNC:6947,['GDpDG'],311.0,0.27,426.0
548,G:HGNC:24624,G:HGNC:6947,['GDpDpDG'],2201.0,0.621,5802.0
549,G:HGNC:24624,G:HGNC:6947,['GTG'],208.0,0.494,411.0
550,G:HGNC:24624,G:HGNC:6947,['GMDMG'],3552.0,0.08,3859.0
551,G:HGNC:24624,G:HGNC:6947,"['GDpDG', 'GDpDpDG']",1778.0,0.233,2319.0
552,G:HGNC:24624,G:HGNC:6947,"['GDpDG', 'GTG']",1000.0,0.291,1411.0
553,G:HGNC:24624,G:HGNC:6947,"['GDpDG', 'GMDMG']",1320.0,0.086,1444.0
554,G:HGNC:24624,G:HGNC:6947,"['GDpDpDG', 'GTG']",1874.0,0.607,4764.0
555,G:HGNC:24624,G:HGNC:6947,"['GDpDpDG', 'GMDMG']",2438.0,0.395,4027.0
556,G:HGNC:24624,G:HGNC:6947,"['GTG', 'GMDMG']",8887.0,0.073,9588.0
557,G:HGNC:24624,G:HGNC:6947,"['GDpDG', 'GDpDpDG', 'GTG']",1442.0,0.231,1874.0
558,G:HGNC:24624,G:HGNC:6947,"['GDpDG', 'GDpDpDG', 'GMDMG']",1373.0,0.163,1640.0
559,G:HGNC:24624,G:HGNC:6947,"['GDpDG', 'GTG', 'GMDMG']",1171.0,0.11,1316.0
560,G:HGNC:24624,G:HGNC:6947,"['GDpDpDG', 'GTG', 'GMDMG']",2140.0,0.349,3286.0
561,G:HGNC:24624,G:HGNC:6947,"['GDpDG', 'GDpDpDG', 'GTG', 'GMDMG']",1116.0,0.17,1345.0
562,G:HGNC:33116,G:HGNC:18182,['GTG'],160.0,0.556,360.0
563,G:HGNC:33116,G:HGNC:18182,['GMG'],5.0,0.978,227.0
564,G:HGNC:33116,G:HGNC:18182,"['GTG', 'GMG']",147.0,0.893,1379.0
565,G:HGNC:28900,G:HGNC:21351,['GMDMG'],72.0,0.959,1749.0
566,G:HGNC:20074,G:HGNC:12984,['GTG'],53.0,0.864,391.0
